"../../../Engine/Plugins/2D/Paper2D/Content/PlaceholderTextures/DummySpriteTexture.ubulk" 0
"../../../Engine/Plugins/2D/Paper2D/Content/PlaceholderTextures/DummySpriteTexture.uasset" 1
"../../../Engine/Plugins/2D/Paper2D/Content/PlaceholderTextures/DummySpriteTexture.uexp" 2
"../../../Engine/Plugins/2D/Paper2D/Content/DummySprite.uasset" 3
"../../../Engine/Plugins/2D/Paper2D/Content/DummySprite.uexp" 4
"../../../Engine/Plugins/2D/Paper2D/Content/DefaultPaperTerrainMaterial.uasset" 5
"../../../Engine/Plugins/2D/Paper2D/Content/DefaultPaperTerrainMaterial.uexp" 6
"../../../Engine/Content/EngineFonts/Faces/DroidSansFallback.uexp" 7
"../../../Engine/Content/EngineFonts/Faces/DroidSansFallback.uasset" 8
"../../../Engine/Content/EngineFonts/Faces/DroidSansFallback.ufont" 9
"../../../Engine/Content/EngineFonts/Faces/RobotoBold.uexp" 10
"../../../Engine/Content/EngineFonts/Faces/RobotoBold.uasset" 11
"../../../Engine/Content/EngineFonts/Faces/RobotoBold.ufont" 12
"../../../Engine/Content/EngineFonts/Faces/RobotoBoldItalic.uexp" 13
"../../../Engine/Content/EngineFonts/Faces/RobotoBoldItalic.uasset" 14
"../../../Engine/Content/EngineFonts/Faces/RobotoBoldItalic.ufont" 15
"../../../Engine/Content/EngineFonts/Faces/RobotoItalic.uexp" 16
"../../../Engine/Content/EngineFonts/Faces/RobotoItalic.uasset" 17
"../../../Engine/Content/EngineFonts/Faces/RobotoItalic.ufont" 18
"../../../Engine/Content/EngineFonts/Faces/RobotoLight.uexp" 19
"../../../Engine/Content/EngineFonts/Faces/RobotoLight.uasset" 20
"../../../Engine/Content/EngineFonts/Faces/RobotoLight.ufont" 21
"../../../Engine/Content/EngineFonts/Faces/RobotoRegular.uexp" 22
"../../../Engine/Content/EngineFonts/Faces/RobotoRegular.uasset" 23
"../../../Engine/Content/EngineFonts/Faces/RobotoRegular.ufont" 24
"../../../Engine/Content/EngineFonts/Roboto.uasset" 25
"../../../Engine/Content/EngineFonts/Roboto.uexp" 26
"../../../Engine/Content/EngineMaterials/DefaultDestructiblePhysicalMaterial.uasset" 27
"../../../Engine/Content/EngineMaterials/DefaultDestructiblePhysicalMaterial.uexp" 28
"../../../Engine/Content/EngineMaterials/DefaultPhysicalMaterial.uasset" 29
"../../../Engine/Content/EngineMaterials/DefaultPhysicalMaterial.uexp" 30
"../../../Engine/Content/EngineSounds/Master.uasset" 31
"../../../Engine/Content/EngineSounds/Master.uexp" 32
"../../../Engine/Plugins/Interchange/Runtime/Content/Pipelines/DefaultAssetsPipeline.uasset" 33
"../../../Engine/Plugins/Interchange/Runtime/Content/Pipelines/DefaultAssetsPipeline.uexp" 34
"../../../Engine/Plugins/Interchange/Runtime/Content/Pipelines/DefaultAudioPipeline.uasset" 35
"../../../Engine/Plugins/Interchange/Runtime/Content/Pipelines/DefaultAudioPipeline.uexp" 36
"../../../Engine/Plugins/Interchange/Runtime/Content/Pipelines/DefaultGLTFAssetsPipeline.uasset" 37
"../../../Engine/Plugins/Interchange/Runtime/Content/Pipelines/DefaultGLTFAssetsPipeline.uexp" 38
"../../../Engine/Plugins/Interchange/Runtime/Content/Pipelines/DefaultGLTFPipeline.uasset" 39
"../../../Engine/Plugins/Interchange/Runtime/Content/Pipelines/DefaultGLTFPipeline.uexp" 40
"../../../Engine/Plugins/Interchange/Runtime/Content/Pipelines/DefaultGLTFSceneAssetsPipeline.uasset" 41
"../../../Engine/Plugins/Interchange/Runtime/Content/Pipelines/DefaultGLTFSceneAssetsPipeline.uexp" 42
"../../../Engine/Plugins/Interchange/Runtime/Content/Pipelines/DefaultMaterialPipeline.uasset" 43
"../../../Engine/Plugins/Interchange/Runtime/Content/Pipelines/DefaultMaterialPipeline.uexp" 44
"../../../Engine/Plugins/Interchange/Runtime/Content/Pipelines/DefaultMaterialXPipeline.uasset" 45
"../../../Engine/Plugins/Interchange/Runtime/Content/Pipelines/DefaultMaterialXPipeline.uexp" 46
"../../../Engine/Plugins/Interchange/Runtime/Content/Pipelines/DefaultSceneAssetsPipeline.uasset" 47
"../../../Engine/Plugins/Interchange/Runtime/Content/Pipelines/DefaultSceneAssetsPipeline.uexp" 48
"../../../Engine/Plugins/Interchange/Runtime/Content/Pipelines/DefaultSceneLevelPipeline.uasset" 49
"../../../Engine/Plugins/Interchange/Runtime/Content/Pipelines/DefaultSceneLevelPipeline.uexp" 50
"../../../Engine/Plugins/Interchange/Runtime/Content/Pipelines/DefaultTexturePipeline.uasset" 51
"../../../Engine/Plugins/Interchange/Runtime/Content/Pipelines/DefaultTexturePipeline.uexp" 52
"../../../Engine/Content/MobileResources/HUD/VirtualJoystick_Background.uasset" 53
"../../../Engine/Content/MobileResources/HUD/VirtualJoystick_Background.uexp" 54
"../../../Engine/Content/MobileResources/HUD/VirtualJoystick_Thumb.uasset" 55
"../../../Engine/Content/MobileResources/HUD/VirtualJoystick_Thumb.uexp" 56
"../../../Engine/Content/MobileResources/HUD/DefaultVirtualJoysticks.uasset" 57
"../../../Engine/Content/MobileResources/HUD/DefaultVirtualJoysticks.uexp" 58
"../../../Engine/Plugins/2D/Paper2D/Content/DefaultSpriteMaterial.uasset" 59
"../../../Engine/Plugins/2D/Paper2D/Content/DefaultSpriteMaterial.uexp" 60
"../../../Engine/Plugins/2D/Paper2D/Content/MaskedUnlitSpriteMaterial.uasset" 61
"../../../Engine/Plugins/2D/Paper2D/Content/MaskedUnlitSpriteMaterial.uexp" 62
"../../../Engine/Plugins/2D/Paper2D/Content/OpaqueUnlitSpriteMaterial.uasset" 63
"../../../Engine/Plugins/2D/Paper2D/Content/OpaqueUnlitSpriteMaterial.uexp" 64
"../../../Engine/Content/Functions/Engine_MaterialFunctions02/WorldPositionOffset/CameraOffset.uasset" 65
"../../../Engine/Content/Functions/Engine_MaterialFunctions02/WorldPositionOffset/CameraOffset.uexp" 66
"../../../Engine/Plugins/Animation/ControlRig/Content/M_Manip.uasset" 67
"../../../Engine/Plugins/Animation/ControlRig/Content/M_Manip.uexp" 68
"../../../Engine/Content/EditorLandscapeResources/DefaultAlphaTexture.uasset" 69
"../../../Engine/Content/EditorLandscapeResources/DefaultAlphaTexture.uexp" 70
"../../../Engine/Content/EditorLandscapeResources/ColorMaskBrushMaterial.uasset" 71
"../../../Engine/Content/EditorLandscapeResources/ColorMaskBrushMaterial.uexp" 72
"../../../Engine/Content/EditorLandscapeResources/ColorMaskBrushMaterial_MaskedRegion.uasset" 73
"../../../Engine/Content/EditorLandscapeResources/ColorMaskBrushMaterial_MaskedRegion.uexp" 74
"../../../Engine/Content/EngineMaterials/DefaultDiffuse.ubulk" 75
"../../../Engine/Content/EngineMaterials/DefaultDiffuse.uasset" 76
"../../../Engine/Content/EngineMaterials/DefaultDiffuse.uexp" 77
"../../../Engine/Content/EngineMaterials/DefaultDeferredDecalMaterial.uasset" 78
"../../../Engine/Content/EngineMaterials/DefaultDeferredDecalMaterial.uexp" 79
"../../../Engine/Content/EditorLandscapeResources/LandscapeDirtyMaterial.uasset" 80
"../../../Engine/Content/EditorLandscapeResources/LandscapeDirtyMaterial.uexp" 81
"../../../Engine/Content/EngineMaterials/DefaultLightFunctionMaterial.uasset" 82
"../../../Engine/Content/EngineMaterials/DefaultLightFunctionMaterial.uexp" 83
"../../../Engine/Content/EngineDamageTypes/DmgTypeBP_Environmental.uasset" 84
"../../../Engine/Content/EngineDamageTypes/DmgTypeBP_Environmental.uexp" 85
"../../../Engine/Content/Functions/Engine_MaterialFunctions01/Texturing/TextureCropping.uasset" 86
"../../../Engine/Content/Functions/Engine_MaterialFunctions01/Texturing/TextureCropping.uexp" 87
"../../../Engine/Content/Functions/Engine_MaterialFunctions02/ExampleContent/DebugNumberStrip.uasset" 88
"../../../Engine/Content/Functions/Engine_MaterialFunctions02/ExampleContent/DebugNumberStrip.uexp" 89
"../../../Engine/Content/Functions/Engine_MaterialFunctions01/Debug/DebugIntValues.uasset" 90
"../../../Engine/Content/Functions/Engine_MaterialFunctions01/Debug/DebugIntValues.uexp" 91
"../../../Engine/Content/Functions/Engine_MaterialFunctions02/Utility/BreakOutFloat2Components.uasset" 92
"../../../Engine/Content/Functions/Engine_MaterialFunctions02/Utility/BreakOutFloat2Components.uexp" 93
"../../../Engine/Content/Functions/Engine_MaterialFunctions01/Texturing/ScaleUVsByCenter.uasset" 94
"../../../Engine/Content/Functions/Engine_MaterialFunctions01/Texturing/ScaleUVsByCenter.uexp" 95
"../../../Engine/Content/Functions/Engine_MaterialFunctions02/WorldPositionOffset/LocalPosition.uasset" 96
"../../../Engine/Content/Functions/Engine_MaterialFunctions02/WorldPositionOffset/LocalPosition.uexp" 97
"../../../Engine/Content/EditorLandscapeResources/LandscapeLayerUsageMaterial.uasset" 98
"../../../Engine/Content/EditorLandscapeResources/LandscapeLayerUsageMaterial.uexp" 99
"../../../Engine/Content/EngineMaterials/DefaultPostProcessMaterial.uasset" 100
"../../../Engine/Content/EngineMaterials/DefaultPostProcessMaterial.uexp" 101
"../../../Engine/Content/EngineFonts/RobotoDistanceField.uasset" 102
"../../../Engine/Content/EngineFonts/RobotoDistanceField.uexp" 103
"../../../Engine/Content/EngineMaterials/DefaultTextMaterialOpaque.uasset" 104
"../../../Engine/Content/EngineMaterials/DefaultTextMaterialOpaque.uexp" 105
"../../../Engine/Content/EngineMaterials/DefaultWhiteGrid.ubulk" 106
"../../../Engine/Content/EngineMaterials/DefaultWhiteGrid.uasset" 107
"../../../Engine/Content/EngineMaterials/DefaultWhiteGrid.uexp" 108
"../../../Engine/Content/EngineMaterials/DefaultWhiteGrid_Low.uasset" 109
"../../../Engine/Content/EngineMaterials/DefaultWhiteGrid_Low.uexp" 110
"../../../Engine/Content/EngineMaterials/EmissiveMeshMaterial.uasset" 111
"../../../Engine/Content/EngineMaterials/EmissiveMeshMaterial.uexp" 112
"../../../Engine/Content/EditorLandscapeResources/WhiteSquareTexture.uasset" 113
"../../../Engine/Content/EditorLandscapeResources/WhiteSquareTexture.uexp" 114
"../../../Engine/Content/EditorLandscapeResources/LayerVisMaterial.uasset" 115
"../../../Engine/Content/EditorLandscapeResources/LayerVisMaterial.uexp" 116
"../../../Engine/Content/EngineMaterials/FastBlueNoise_scalar_128x128x64.uasset" 117
"../../../Engine/Content/EngineMaterials/FastBlueNoise_scalar_128x128x64.uexp" 118
"../../../Engine/Content/EngineMaterials/FastBlueNoise_scalar_128x128x8.uasset" 119
"../../../Engine/Content/EngineMaterials/FastBlueNoise_scalar_128x128x8.uexp" 120
"../../../Engine/Content/Functions/Engine_MaterialFunctions02/Utility/MakeFloat3.uasset" 121
"../../../Engine/Content/Functions/Engine_MaterialFunctions02/Utility/MakeFloat3.uexp" 122
"../../../Engine/Content/Functions/Engine_MaterialFunctions03/Math/WithinRangeFloat2.uasset" 123
"../../../Engine/Content/Functions/Engine_MaterialFunctions03/Math/WithinRangeFloat2.uexp" 124
"../../../Engine/Content/EditorLandscapeResources/MaskBrushMaterial.uasset" 125
"../../../Engine/Content/EditorLandscapeResources/MaskBrushMaterial.uexp" 126
"../../../Engine/Content/EditorLandscapeResources/MaskBrushMaterial_MaskedRegion.uasset" 127
"../../../Engine/Content/EditorLandscapeResources/MaskBrushMaterial_MaskedRegion.uexp" 128
"../../../Engine/Content/EngineMaterials/T_Default_Material_Grid_M.ubulk" 129
"../../../Engine/Content/EngineMaterials/T_Default_Material_Grid_M.uasset" 130
"../../../Engine/Content/EngineMaterials/T_Default_Material_Grid_M.uexp" 131
"../../../Engine/Content/EngineMaterials/T_Default_Material_Grid_N.ubulk" 132
"../../../Engine/Content/EngineMaterials/T_Default_Material_Grid_N.uasset" 133
"../../../Engine/Content/EngineMaterials/T_Default_Material_Grid_N.uexp" 134
"../../../Engine/Content/Functions/Engine_MaterialFunctions01/Opacity/CameraDepthFade.uasset" 135
"../../../Engine/Content/Functions/Engine_MaterialFunctions01/Opacity/CameraDepthFade.uexp" 136
"../../../Engine/Content/EngineMaterials/WorldGridMaterial.uasset" 137
"../../../Engine/Content/EngineMaterials/WorldGridMaterial.uexp" 138
"../../../Engine/Plugins/Animation/ControlRig/Content/Controls/ControlRig_RoundedTriangle_1mm.ubulk" 139
"../../../Engine/Plugins/Animation/ControlRig/Content/Controls/ControlRig_RoundedTriangle_1mm.uasset" 140
"../../../Engine/Plugins/Animation/ControlRig/Content/Controls/ControlRig_RoundedTriangle_1mm.uexp" 141
"../../../Engine/Content/EngineMaterials/FastBlueNoise_vec2_128x128x64.uasset" 142
"../../../Engine/Content/EngineMaterials/FastBlueNoise_vec2_128x128x64.uexp" 143
"../../../Engine/Content/EngineDebugMaterials/DebugEditorMaterial.uasset" 144
"../../../Engine/Content/EngineDebugMaterials/DebugEditorMaterial.uexp" 145
"../../../Engine/Content/EngineDebugMaterials/DebugMeshMaterial.uasset" 146
"../../../Engine/Content/EngineDebugMaterials/DebugMeshMaterial.uexp" 147
"../../../Engine/Plugins/Animation/ControlRig/Content/Controls/ControlRig_RoundedTriangle_3mm.ubulk" 148
"../../../Engine/Plugins/Animation/ControlRig/Content/Controls/ControlRig_RoundedTriangle_3mm.uasset" 149
"../../../Engine/Plugins/Animation/ControlRig/Content/Controls/ControlRig_RoundedTriangle_3mm.uexp" 150
"../../../Engine/Content/EditorLandscapeResources/SelectBrushMaterial.uasset" 151
"../../../Engine/Content/EditorLandscapeResources/SelectBrushMaterial.uexp" 152
"../../../Engine/Content/EditorLandscapeResources/SelectBrushMaterial_Selected.uasset" 153
"../../../Engine/Content/EditorLandscapeResources/SelectBrushMaterial_Selected.uexp" 154
"../../../Engine/Content/EditorLandscapeResources/SelectBrushMaterial_SelectedRegion.uasset" 155
"../../../Engine/Content/EditorLandscapeResources/SelectBrushMaterial_SelectedRegion.uexp" 156
"../../../Engine/Plugins/Animation/ControlRig/Content/Controls/ControlRig_RoundedTriangle_solid.ubulk" 157
"../../../Engine/Plugins/Animation/ControlRig/Content/Controls/ControlRig_RoundedTriangle_solid.uasset" 158
"../../../Engine/Plugins/Animation/ControlRig/Content/Controls/ControlRig_RoundedTriangle_solid.uexp" 159
"../../../Engine/Content/EngineMaterials/BaseFlattenDiffuseMap.uasset" 160
"../../../Engine/Content/EngineMaterials/BaseFlattenDiffuseMap.uexp" 161
"../../../Engine/Content/EngineMaterials/BaseFlattenEmissiveMap.uasset" 162
"../../../Engine/Content/EngineMaterials/BaseFlattenEmissiveMap.uexp" 163
"../../../Engine/Content/EngineMaterials/BaseFlattenGrayscaleMap.uasset" 164
"../../../Engine/Content/EngineMaterials/BaseFlattenGrayscaleMap.uexp" 165
"../../../Engine/Content/EngineMaterials/BaseFlattenLinearColor.uasset" 166
"../../../Engine/Content/EngineMaterials/BaseFlattenLinearColor.uexp" 167
"../../../Engine/Content/EngineMaterials/BaseFlattenNormalMap.uasset" 168
"../../../Engine/Content/EngineMaterials/BaseFlattenNormalMap.uexp" 169
"../../../Engine/Content/Functions/Engine_MaterialFunctions02/PivotPainter2/Black_1x1_EXR_Texture.uasset" 170
"../../../Engine/Content/Functions/Engine_MaterialFunctions02/PivotPainter2/Black_1x1_EXR_Texture.uexp" 171
"../../../Engine/Content/EngineMaterials/FlattenMaterial.uasset" 172
"../../../Engine/Content/EngineMaterials/FlattenMaterial.uexp" 173
"../../../Engine/Content/EngineMaterials/BaseFlattenDiffuseMap_VT.ubulk" 174
"../../../Engine/Content/EngineMaterials/BaseFlattenDiffuseMap_VT.uasset" 175
"../../../Engine/Content/EngineMaterials/BaseFlattenDiffuseMap_VT.uexp" 176
"../../../Engine/Content/EngineMaterials/BaseFlattenEmissiveMap_VT.ubulk" 177
"../../../Engine/Content/EngineMaterials/BaseFlattenEmissiveMap_VT.uasset" 178
"../../../Engine/Content/EngineMaterials/BaseFlattenEmissiveMap_VT.uexp" 179
"../../../Engine/Content/EngineMaterials/BaseFlattenGrayscaleMap_VT.ubulk" 180
"../../../Engine/Content/EngineMaterials/BaseFlattenGrayscaleMap_VT.uasset" 181
"../../../Engine/Content/EngineMaterials/BaseFlattenGrayscaleMap_VT.uexp" 182
"../../../Engine/Content/EngineMaterials/BaseFlattenLinearColor_VT.ubulk" 183
"../../../Engine/Content/EngineMaterials/BaseFlattenLinearColor_VT.uasset" 184
"../../../Engine/Content/EngineMaterials/BaseFlattenLinearColor_VT.uexp" 185
"../../../Engine/Content/EngineMaterials/BaseFlattenNormalMap_VT.ubulk" 186
"../../../Engine/Content/EngineMaterials/BaseFlattenNormalMap_VT.uasset" 187
"../../../Engine/Content/EngineMaterials/BaseFlattenNormalMap_VT.uexp" 188
"../../../Engine/Content/EngineMaterials/Black_1x1_EXR_Texture_VT.ubulk" 189
"../../../Engine/Content/EngineMaterials/Black_1x1_EXR_Texture_VT.uasset" 190
"../../../Engine/Content/EngineMaterials/Black_1x1_EXR_Texture_VT.uexp" 191
"../../../Engine/Content/EngineMaterials/FlattenMaterial_VT.uasset" 192
"../../../Engine/Content/EngineMaterials/FlattenMaterial_VT.uexp" 193
"../../../Engine/Plugins/Animation/ControlRig/Content/Controls/ControlRig_Sphere_1mm.ubulk" 194
"../../../Engine/Plugins/Animation/ControlRig/Content/Controls/ControlRig_Sphere_1mm.uasset" 195
"../../../Engine/Plugins/Animation/ControlRig/Content/Controls/ControlRig_Sphere_1mm.uexp" 196
"../../../Engine/Content/EditorLandscapeResources/SplineEditorMeshMat.uasset" 197
"../../../Engine/Content/EditorLandscapeResources/SplineEditorMeshMat.uexp" 198
"../../../Engine/Content/EditorLandscapeResources/SplineEditorMesh.ubulk" 199
"../../../Engine/Content/EditorLandscapeResources/SplineEditorMesh.uasset" 200
"../../../Engine/Content/EditorLandscapeResources/SplineEditorMesh.uexp" 201
"../../../Engine/Content/EngineMaterials/FlattenMaterial_WS_Normal_VT.uasset" 202
"../../../Engine/Content/EngineMaterials/FlattenMaterial_WS_Normal_VT.uexp" 203
"../../../Engine/Content/EngineMeshes/Sphere.ubulk" 204
"../../../Engine/Content/EngineMeshes/Sphere.uasset" 205
"../../../Engine/Content/EngineMeshes/Sphere.uexp" 206
"../../../Engine/Plugins/Animation/ControlRig/Content/Controls/ControlRig_Sphere_3mm.ubulk" 207
"../../../Engine/Plugins/Animation/ControlRig/Content/Controls/ControlRig_Sphere_3mm.uasset" 208
"../../../Engine/Plugins/Animation/ControlRig/Content/Controls/ControlRig_Sphere_3mm.uexp" 209
"../../../Engine/Content/EngineMaterials/GizmoMaterial.uasset" 210
"../../../Engine/Content/EngineMaterials/GizmoMaterial.uexp" 211
"../../../Engine/Plugins/Animation/ControlRig/Content/Controls/ControlRig_Sphere_solid.ubulk" 212
"../../../Engine/Plugins/Animation/ControlRig/Content/Controls/ControlRig_Sphere_solid.uasset" 213
"../../../Engine/Plugins/Animation/ControlRig/Content/Controls/ControlRig_Sphere_solid.uexp" 214
"../../../Engine/Plugins/Animation/ControlRig/Content/Controls/ControlRig_Square_1mm.ubulk" 215
"../../../Engine/Plugins/Animation/ControlRig/Content/Controls/ControlRig_Square_1mm.uasset" 216
"../../../Engine/Plugins/Animation/ControlRig/Content/Controls/ControlRig_Square_1mm.uexp" 217
"../../../Engine/Plugins/Animation/ControlRig/Content/Controls/ControlRig_Square_3mm.ubulk" 218
"../../../Engine/Plugins/Animation/ControlRig/Content/Controls/ControlRig_Square_3mm.uasset" 219
"../../../Engine/Plugins/Animation/ControlRig/Content/Controls/ControlRig_Square_3mm.uexp" 220
"../../../Engine/Content/EditorResources/BSPVertex.uasset" 221
"../../../Engine/Content/EditorResources/BSPVertex.uexp" 222
"../../../Engine/Plugins/Animation/ControlRig/Content/Controls/ControlRig_Square_solid.ubulk" 223
"../../../Engine/Plugins/Animation/ControlRig/Content/Controls/ControlRig_Square_solid.uasset" 224
"../../../Engine/Plugins/Animation/ControlRig/Content/Controls/ControlRig_Square_solid.uexp" 225
"../../../Engine/Plugins/Animation/ControlRig/Content/Controls/ControlRig_Star4_1mm.ubulk" 226
"../../../Engine/Plugins/Animation/ControlRig/Content/Controls/ControlRig_Star4_1mm.uasset" 227
"../../../Engine/Plugins/Animation/ControlRig/Content/Controls/ControlRig_Star4_1mm.uexp" 228
"../../../Engine/Content/EngineDebugMaterials/M_SimpleUnlitTranslucent.uasset" 229
"../../../Engine/Content/EngineDebugMaterials/M_SimpleUnlitTranslucent.uexp" 230
"../../../Engine/Content/Functions/Engine_MaterialFunctions02/Utility/CameraDirectionVector.uasset" 231
"../../../Engine/Content/Functions/Engine_MaterialFunctions02/Utility/CameraDirectionVector.uexp" 232
"../../../Engine/Content/EngineDebugMaterials/VolumeToRender.uasset" 233
"../../../Engine/Content/EngineDebugMaterials/VolumeToRender.uexp" 234
"../../../Engine/Content/EngineDebugMaterials/M_VolumeRenderSphereTracePP.uasset" 235
"../../../Engine/Content/EngineDebugMaterials/M_VolumeRenderSphereTracePP.uexp" 236
"../../../Engine/Plugins/Animation/ControlRig/Content/Controls/ControlRig_Star4_3mm.ubulk" 237
"../../../Engine/Plugins/Animation/ControlRig/Content/Controls/ControlRig_Star4_3mm.uasset" 238
"../../../Engine/Plugins/Animation/ControlRig/Content/Controls/ControlRig_Star4_3mm.uexp" 239
"../../../Engine/Content/EngineResources/Black.uasset" 240
"../../../Engine/Content/EngineResources/Black.uexp" 241
"../../../Engine/Plugins/Animation/ControlRig/Content/Controls/ControlRig_Star4_solid.ubulk" 242
"../../../Engine/Plugins/Animation/ControlRig/Content/Controls/ControlRig_Star4_solid.uasset" 243
"../../../Engine/Plugins/Animation/ControlRig/Content/Controls/ControlRig_Star4_solid.uexp" 244
"../../../Engine/Plugins/Animation/ControlRig/Content/Controls/ControlRig_Triangle_1mm.ubulk" 245
"../../../Engine/Plugins/Animation/ControlRig/Content/Controls/ControlRig_Triangle_1mm.uasset" 246
"../../../Engine/Plugins/Animation/ControlRig/Content/Controls/ControlRig_Triangle_1mm.uexp" 247
"../../../Engine/Content/EngineResources/DefaultTexture.ubulk" 248
"../../../Engine/Content/EngineResources/DefaultTexture.uasset" 249
"../../../Engine/Content/EngineResources/DefaultTexture.uexp" 250
"../../../Engine/Content/EngineMaterials/MiniFont.uasset" 251
"../../../Engine/Content/EngineMaterials/MiniFont.uexp" 252
"../../../Engine/Content/EngineMaterials/InvalidLightmapSettings.ubulk" 253
"../../../Engine/Content/EngineMaterials/InvalidLightmapSettings.uasset" 254
"../../../Engine/Content/EngineMaterials/InvalidLightmapSettings.uexp" 255
"../../../Engine/Content/EngineMaterials/M_InvalidLightmapSettings.uasset" 256
"../../../Engine/Content/EngineMaterials/M_InvalidLightmapSettings.uexp" 257
"../../../Engine/Content/EngineResources/DefaultTextureCube.uasset" 258
"../../../Engine/Content/EngineResources/DefaultTextureCube.uexp" 259
"../../../Engine/Plugins/Animation/ControlRig/Content/Controls/ControlRig_Triangle_3mm.ubulk" 260
"../../../Engine/Plugins/Animation/ControlRig/Content/Controls/ControlRig_Triangle_3mm.uasset" 261
"../../../Engine/Plugins/Animation/ControlRig/Content/Controls/ControlRig_Triangle_3mm.uexp" 262
"../../../Engine/Content/EngineMaterials/NaniteHiddenSectionMaterial.uasset" 263
"../../../Engine/Content/EngineMaterials/NaniteHiddenSectionMaterial.uexp" 264
"../../../Engine/Plugins/Animation/ControlRig/Content/Controls/ControlRig_Triangle_solid.ubulk" 265
"../../../Engine/Plugins/Animation/ControlRig/Content/Controls/ControlRig_Triangle_solid.uasset" 266
"../../../Engine/Plugins/Animation/ControlRig/Content/Controls/ControlRig_Triangle_solid.uexp" 267
"../../../Engine/Content/EngineResources/DefaultVolumeTexture2D.uasset" 268
"../../../Engine/Content/EngineResources/DefaultVolumeTexture2D.uexp" 269
"../../../Engine/Content/EngineResources/DefaultVolumeTexture.uasset" 270
"../../../Engine/Content/EngineResources/DefaultVolumeTexture.uexp" 271
"../../../Engine/Content/Functions/Engine_MaterialFunctions02/SplitComponents.uasset" 272
"../../../Engine/Content/Functions/Engine_MaterialFunctions02/SplitComponents.uexp" 273
"../../../Engine/Content/Functions/Engine_MaterialFunctions02/Utility/BreakOutFloat3Components.uasset" 274
"../../../Engine/Content/Functions/Engine_MaterialFunctions02/Utility/BreakOutFloat3Components.uexp" 275
"../../../Engine/Content/Functions/Engine_MaterialFunctions02/Math/Transform3x3Matrix.uasset" 276
"../../../Engine/Content/Functions/Engine_MaterialFunctions02/Math/Transform3x3Matrix.uexp" 277
"../../../Engine/Content/VREditor/SnapGrid/SnapGridMaterial.uasset" 278
"../../../Engine/Content/VREditor/SnapGrid/SnapGridMaterial.uexp" 279
"../../../Engine/Content/VREditor/SnapGrid/SnapGridPlaneMesh.ubulk" 280
"../../../Engine/Content/VREditor/SnapGrid/SnapGridPlaneMesh.uasset" 281
"../../../Engine/Content/VREditor/SnapGrid/SnapGridPlaneMesh.uexp" 282
"../../../Engine/Content/VREditor/LaserPointer/VR_LaserPower_01.ubulk" 283
"../../../Engine/Content/VREditor/LaserPointer/VR_LaserPower_01.uasset" 284
"../../../Engine/Content/VREditor/LaserPointer/VR_LaserPower_01.uexp" 285
"../../../Engine/Content/VREditor/TransformGizmo/TransformGizmoMaterial.uasset" 286
"../../../Engine/Content/VREditor/TransformGizmo/TransformGizmoMaterial.uexp" 287
"../../../Engine/Content/VREditor/TransformGizmo/TranslucentTransformGizmoMaterial.uasset" 288
"../../../Engine/Content/VREditor/TransformGizmo/TranslucentTransformGizmoMaterial.uexp" 289
"../../../Engine/Content/VREditor/TransformGizmo/PlaneTranslationHandle.ubulk" 290
"../../../Engine/Content/VREditor/TransformGizmo/PlaneTranslationHandle.uasset" 291
"../../../Engine/Content/VREditor/TransformGizmo/PlaneTranslationHandle.uexp" 292
"../../../Engine/Content/VREditor/TransformGizmo/RotationHandleFull.ubulk" 293
"../../../Engine/Content/VREditor/TransformGizmo/RotationHandleFull.uasset" 294
"../../../Engine/Content/VREditor/TransformGizmo/RotationHandleFull.uexp" 295
"../../../Engine/Content/VREditor/TransformGizmo/RotationHandleIndicator.ubulk" 296
"../../../Engine/Content/VREditor/TransformGizmo/RotationHandleIndicator.uasset" 297
"../../../Engine/Content/VREditor/TransformGizmo/RotationHandleIndicator.uexp" 298
"../../../Engine/Content/VREditor/TransformGizmo/RotationHandleQuarter.ubulk" 299
"../../../Engine/Content/VREditor/TransformGizmo/RotationHandleQuarter.uasset" 300
"../../../Engine/Content/VREditor/TransformGizmo/RotationHandleQuarter.uexp" 301
"../../../Engine/Content/VREditor/TransformGizmo/StartRotationHandleIndicator.ubulk" 302
"../../../Engine/Content/VREditor/TransformGizmo/StartRotationHandleIndicator.uasset" 303
"../../../Engine/Content/VREditor/TransformGizmo/StartRotationHandleIndicator.uexp" 304
"../../../Engine/Content/VREditor/TransformGizmo/TranslucentTransformGizmoMaterial_Inst.uasset" 305
"../../../Engine/Content/VREditor/TransformGizmo/TranslucentTransformGizmoMaterial_Inst.uexp" 306
"../../../Engine/Content/VREditor/TransformGizmo/TransformGizmoFreeRotation.ubulk" 307
"../../../Engine/Content/VREditor/TransformGizmo/TransformGizmoFreeRotation.uasset" 308
"../../../Engine/Content/VREditor/TransformGizmo/TransformGizmoFreeRotation.uexp" 309
"../../../Engine/Content/VREditor/TransformGizmo/TransformGizmoMaterial_Inst.uasset" 310
"../../../Engine/Content/VREditor/TransformGizmo/TransformGizmoMaterial_Inst.uexp" 311
"../../../Engine/Content/VREditor/TransformGizmo/TranslateArrowHandle.ubulk" 312
"../../../Engine/Content/VREditor/TransformGizmo/TranslateArrowHandle.uasset" 313
"../../../Engine/Content/VREditor/TransformGizmo/TranslateArrowHandle.uexp" 314
"../../../Engine/Content/VREditor/TransformGizmo/UniformScaleHandle.ubulk" 315
"../../../Engine/Content/VREditor/TransformGizmo/UniformScaleHandle.uasset" 316
"../../../Engine/Content/VREditor/TransformGizmo/UniformScaleHandle.uexp" 317
"../../../Engine/Content/VREditor/Sounds/UI/Drop_Item_From_ContentBrowser.ubulk" 318
"../../../Engine/Content/VREditor/Sounds/UI/Drop_Item_From_ContentBrowser.uasset" 319
"../../../Engine/Content/VREditor/Sounds/UI/Drop_Item_From_ContentBrowser.uexp" 320
"../../../Engine/Content/VREditor/Sounds/UI/Gizmo_Handle_Clicked.ubulk" 321
"../../../Engine/Content/VREditor/Sounds/UI/Gizmo_Handle_Clicked.uasset" 322
"../../../Engine/Content/VREditor/Sounds/UI/Gizmo_Handle_Clicked.uexp" 323
"../../../Engine/Content/VREditor/Sounds/UI/Object_PickUp.ubulk" 324
"../../../Engine/Content/VREditor/Sounds/UI/Object_PickUp.uasset" 325
"../../../Engine/Content/VREditor/Sounds/UI/Object_PickUp.uexp" 326
"../../../Engine/Content/VREditor/Sounds/UI/Object_Snaps_To_Another_Actor.ubulk" 327
"../../../Engine/Content/VREditor/Sounds/UI/Object_Snaps_To_Another_Actor.uasset" 328
"../../../Engine/Content/VREditor/Sounds/UI/Object_Snaps_To_Another_Actor.uexp" 329
"../../../Engine/Content/VREditor/Sounds/UI/Object_Snaps_To_Grid.ubulk" 330
"../../../Engine/Content/VREditor/Sounds/UI/Object_Snaps_To_Grid.uasset" 331
"../../../Engine/Content/VREditor/Sounds/UI/Object_Snaps_To_Grid.uexp" 332
"../../../Engine/Content/VREditor/Sounds/UI/Scaling_Down.ubulk" 333
"../../../Engine/Content/VREditor/Sounds/UI/Scaling_Down.uasset" 334
"../../../Engine/Content/VREditor/Sounds/UI/Scaling_Down.uexp" 335
"../../../Engine/Content/VREditor/Sounds/UI/Scaling_Up.ubulk" 336
"../../../Engine/Content/VREditor/Sounds/UI/Scaling_Up.uasset" 337
"../../../Engine/Content/VREditor/Sounds/UI/Scaling_Up.uexp" 338
"../../../Engine/Content/VREditor/Sounds/UI/Selection_Changes.ubulk" 339
"../../../Engine/Content/VREditor/Sounds/UI/Selection_Changes.uasset" 340
"../../../Engine/Content/VREditor/Sounds/UI/Selection_Changes.uexp" 341
"../../../Engine/Plugins/Animation/ControlRig/Content/Controls/ControlRig_Wedge_1mm.ubulk" 342
"../../../Engine/Plugins/Animation/ControlRig/Content/Controls/ControlRig_Wedge_1mm.uasset" 343
"../../../Engine/Plugins/Animation/ControlRig/Content/Controls/ControlRig_Wedge_1mm.uexp" 344
"../../../Engine/Plugins/Animation/ControlRig/Content/Controls/ControlRig_Wedge_3mm.ubulk" 345
"../../../Engine/Plugins/Animation/ControlRig/Content/Controls/ControlRig_Wedge_3mm.uasset" 346
"../../../Engine/Plugins/Animation/ControlRig/Content/Controls/ControlRig_Wedge_3mm.uexp" 347
"../../../Engine/Content/EngineResources/GradientTexture0.uasset" 348
"../../../Engine/Content/EngineResources/GradientTexture0.uexp" 349
"../../../Engine/Content/EngineMaterials/PhAT_JointLimitMaterial.uasset" 350
"../../../Engine/Content/EngineMaterials/PhAT_JointLimitMaterial.uexp" 351
"../../../Engine/Plugins/Animation/ControlRig/Content/Controls/ControlRigGizmoMaterial.uasset" 352
"../../../Engine/Plugins/Animation/ControlRig/Content/Controls/ControlRigGizmoMaterial.uexp" 353
"../../../Engine/Content/EditorResources/S_Actor.ubulk" 354
"../../../Engine/Content/EditorResources/S_Actor.uasset" 355
"../../../Engine/Content/EditorResources/S_Actor.uexp" 356
"../../../Engine/Plugins/Animation/ControlRig/Content/Controls/ControlRig_Wedge_solid.ubulk" 357
"../../../Engine/Plugins/Animation/ControlRig/Content/Controls/ControlRig_Wedge_solid.uasset" 358
"../../../Engine/Plugins/Animation/ControlRig/Content/Controls/ControlRig_Wedge_solid.uexp" 359
"../../../Engine/Plugins/Interchange/Assets/Content/Functions/MX_SheenBSDF.uasset" 360
"../../../Engine/Plugins/Interchange/Assets/Content/Functions/MX_SheenBSDF.uexp" 361
"../../../Engine/Plugins/Animation/ControlRig/Content/Controls/ControlRigXRayMaterial.uasset" 362
"../../../Engine/Plugins/Animation/ControlRig/Content/Controls/ControlRigXRayMaterial.uexp" 363
"../../../Engine/Content/EngineMaterials/DefaultCalibrationColor.uasset" 364
"../../../Engine/Content/EngineMaterials/DefaultCalibrationColor.uexp" 365
"../../../Engine/Content/EngineMaterials/PPM_DefaultCalibrationColor.uasset" 366
"../../../Engine/Content/EngineMaterials/PPM_DefaultCalibrationColor.uexp" 367
"../../../Engine/Content/EngineMaterials/DefaultCalibrationGrayscale.uasset" 368
"../../../Engine/Content/EngineMaterials/DefaultCalibrationGrayscale.uexp" 369
"../../../Engine/Content/EngineMaterials/PPM_DefaultCalibrationGrayscale.uasset" 370
"../../../Engine/Content/EngineMaterials/PPM_DefaultCalibrationGrayscale.uexp" 371
"../../../Engine/Plugins/Animation/ControlRig/Content/Controls/ControlRig_Arrow2_1mm.ubulk" 372
"../../../Engine/Plugins/Animation/ControlRig/Content/Controls/ControlRig_Arrow2_1mm.uasset" 373
"../../../Engine/Plugins/Animation/ControlRig/Content/Controls/ControlRig_Arrow2_1mm.uexp" 374
"../../../Engine/Plugins/Animation/ControlRig/Content/Controls/ControlRig_Arrow2_3mm.ubulk" 375
"../../../Engine/Plugins/Animation/ControlRig/Content/Controls/ControlRig_Arrow2_3mm.uasset" 376
"../../../Engine/Plugins/Animation/ControlRig/Content/Controls/ControlRig_Arrow2_3mm.uexp" 377
"../../../Engine/Content/EditorResources/S_BoxReflectionCapture.uasset" 378
"../../../Engine/Content/EditorResources/S_BoxReflectionCapture.uexp" 379
"../../../Engine/Plugins/Animation/ControlRig/Content/Controls/ControlRig_Arrow2_solid.ubulk" 380
"../../../Engine/Plugins/Animation/ControlRig/Content/Controls/ControlRig_Arrow2_solid.uasset" 381
"../../../Engine/Plugins/Animation/ControlRig/Content/Controls/ControlRig_Arrow2_solid.uexp" 382
"../../../Engine/Plugins/Interchange/Assets/Content/Functions/MX_SubsurfaceBSDF.uasset" 383
"../../../Engine/Plugins/Interchange/Assets/Content/Functions/MX_SubsurfaceBSDF.uexp" 384
"../../../Engine/Content/EngineMaterials/PreintegratedSkinBRDF.uasset" 385
"../../../Engine/Content/EngineMaterials/PreintegratedSkinBRDF.uexp" 386
"../../../Engine/Content/EngineResources/LandscapeVisibilityLayerInfo.uasset" 387
"../../../Engine/Content/EngineResources/LandscapeVisibilityLayerInfo.uexp" 388
"../../../Engine/Plugins/Animation/ControlRig/Content/Controls/ControlRig_Arrow4_1mm.ubulk" 389
"../../../Engine/Plugins/Animation/ControlRig/Content/Controls/ControlRig_Arrow4_1mm.uasset" 390
"../../../Engine/Plugins/Animation/ControlRig/Content/Controls/ControlRig_Arrow4_1mm.uexp" 391
"../../../Engine/Plugins/Interchange/Assets/Content/Functions/MX_Surface.uasset" 392
"../../../Engine/Plugins/Interchange/Assets/Content/Functions/MX_Surface.uexp" 393
"../../../Engine/Plugins/Animation/ControlRig/Content/Controls/ControlRig_Arrow4_3mm.ubulk" 394
"../../../Engine/Plugins/Animation/ControlRig/Content/Controls/ControlRig_Arrow4_3mm.uasset" 395
"../../../Engine/Plugins/Animation/ControlRig/Content/Controls/ControlRig_Arrow4_3mm.uexp" 396
"../../../Engine/Plugins/Interchange/Assets/Content/Functions/MX_SurfaceUnlit.uasset" 397
"../../../Engine/Plugins/Interchange/Assets/Content/Functions/MX_SurfaceUnlit.uexp" 398
"../../../Engine/Plugins/Animation/ControlRig/Content/Controls/ControlRig_Arrow4_solid.ubulk" 399
"../../../Engine/Plugins/Animation/ControlRig/Content/Controls/ControlRig_Arrow4_solid.uasset" 400
"../../../Engine/Plugins/Animation/ControlRig/Content/Controls/ControlRig_Arrow4_solid.uexp" 401
"../../../Engine/Plugins/Animation/ControlRig/Content/Controls/ControlRig_Arrow_1mm.ubulk" 402
"../../../Engine/Plugins/Animation/ControlRig/Content/Controls/ControlRig_Arrow_1mm.uasset" 403
"../../../Engine/Plugins/Animation/ControlRig/Content/Controls/ControlRig_Arrow_1mm.uexp" 404
"../../../Engine/Plugins/Interchange/Assets/Content/Functions/MX_TranslucentBSDF.uasset" 405
"../../../Engine/Plugins/Interchange/Assets/Content/Functions/MX_TranslucentBSDF.uexp" 406
"../../../Engine/Plugins/Animation/ControlRig/Content/Controls/ControlRig_Arrow_3mm.ubulk" 407
"../../../Engine/Plugins/Animation/ControlRig/Content/Controls/ControlRig_Arrow_3mm.uasset" 408
"../../../Engine/Plugins/Animation/ControlRig/Content/Controls/ControlRig_Arrow_3mm.uexp" 409
"../../../Engine/Plugins/Animation/ControlRig/Content/Controls/ControlRig_Arrow_solid.ubulk" 410
"../../../Engine/Plugins/Animation/ControlRig/Content/Controls/ControlRig_Arrow_solid.uasset" 411
"../../../Engine/Plugins/Animation/ControlRig/Content/Controls/ControlRig_Arrow_solid.uexp" 412
"../../../Engine/Plugins/Animation/ControlRig/Content/Controls/ControlRig_Box_1mm.ubulk" 413
"../../../Engine/Plugins/Animation/ControlRig/Content/Controls/ControlRig_Box_1mm.uasset" 414
"../../../Engine/Plugins/Animation/ControlRig/Content/Controls/ControlRig_Box_1mm.uexp" 415
"../../../Engine/Content/EngineMaterials/RemoveSurfaceMaterial.uasset" 416
"../../../Engine/Content/EngineMaterials/RemoveSurfaceMaterial.uexp" 417
"../../../Engine/Plugins/Interchange/Assets/Content/Functions/MX_UniformEDF.uasset" 418
"../../../Engine/Plugins/Interchange/Assets/Content/Functions/MX_UniformEDF.uexp" 419
"../../../Engine/Plugins/Animation/ControlRig/Content/Controls/ControlRig_Box_3mm.ubulk" 420
"../../../Engine/Plugins/Animation/ControlRig/Content/Controls/ControlRig_Box_3mm.uasset" 421
"../../../Engine/Plugins/Animation/ControlRig/Content/Controls/ControlRig_Box_3mm.uexp" 422
"../../../Engine/Plugins/Animation/ControlRig/Content/Controls/ControlRig_Box_solid.ubulk" 423
"../../../Engine/Plugins/Animation/ControlRig/Content/Controls/ControlRig_Box_solid.uasset" 424
"../../../Engine/Plugins/Animation/ControlRig/Content/Controls/ControlRig_Box_solid.uexp" 425
"../../../Engine/Content/EngineMaterials/SMAAAreaTex.uasset" 426
"../../../Engine/Content/EngineMaterials/SMAAAreaTex.uexp" 427
"../../../Engine/Plugins/Interchange/Assets/Content/Functions/MX_UsdPreviewSurface.uasset" 428
"../../../Engine/Plugins/Interchange/Assets/Content/Functions/MX_UsdPreviewSurface.uexp" 429
"../../../Engine/Plugins/Animation/ControlRig/Content/Controls/ControlRig_Circle_1mm.ubulk" 430
"../../../Engine/Plugins/Animation/ControlRig/Content/Controls/ControlRig_Circle_1mm.uasset" 431
"../../../Engine/Plugins/Animation/ControlRig/Content/Controls/ControlRig_Circle_1mm.uexp" 432
"../../../Engine/Content/EngineMaterials/SMAASearchTex.uasset" 433
"../../../Engine/Content/EngineMaterials/SMAASearchTex.uexp" 434
"../../../Engine/Plugins/Animation/ControlRig/Content/Controls/ControlRig_Circle_3mm.ubulk" 435
"../../../Engine/Plugins/Animation/ControlRig/Content/Controls/ControlRig_Circle_3mm.uasset" 436
"../../../Engine/Plugins/Animation/ControlRig/Content/Controls/ControlRig_Circle_3mm.uexp" 437
"../../../Engine/Content/EditorMaterials/PhAT_NoCollisionMaterial.uasset" 438
"../../../Engine/Content/EditorMaterials/PhAT_NoCollisionMaterial.uexp" 439
"../../../Engine/Plugins/Animation/ControlRig/Content/Controls/ControlRig_Circle_solid.ubulk" 440
"../../../Engine/Plugins/Animation/ControlRig/Content/Controls/ControlRig_Circle_solid.uasset" 441
"../../../Engine/Plugins/Animation/ControlRig/Content/Controls/ControlRig_Circle_solid.uexp" 442
"../../../Engine/Content/EditorMaterials/PhAT_UnselectedMaterial.uasset" 443
"../../../Engine/Content/EditorMaterials/PhAT_UnselectedMaterial.uexp" 444
"../../../Engine/Plugins/Animation/ControlRig/Content/Controls/ControlRig_Diamond_1mm.ubulk" 445
"../../../Engine/Plugins/Animation/ControlRig/Content/Controls/ControlRig_Diamond_1mm.uasset" 446
"../../../Engine/Plugins/Animation/ControlRig/Content/Controls/ControlRig_Diamond_1mm.uexp" 447
"../../../Engine/Plugins/Animation/ControlRig/Content/Controls/ControlRig_Diamond_3mm.ubulk" 448
"../../../Engine/Plugins/Animation/ControlRig/Content/Controls/ControlRig_Diamond_3mm.uasset" 449
"../../../Engine/Plugins/Animation/ControlRig/Content/Controls/ControlRig_Diamond_3mm.uexp" 450
"../../../Engine/Content/EditorMaterials/PreviewShadowIndicator.ubulk" 451
"../../../Engine/Content/EditorMaterials/PreviewShadowIndicator.uasset" 452
"../../../Engine/Content/EditorMaterials/PreviewShadowIndicator.uexp" 453
"../../../Engine/Content/EditorMaterials/PreviewShadowIndicatorMaterial.uasset" 454
"../../../Engine/Content/EditorMaterials/PreviewShadowIndicatorMaterial.uexp" 455
"../../../Engine/Plugins/Animation/ControlRig/Content/Controls/ControlRig_Diamond_solid.ubulk" 456
"../../../Engine/Plugins/Animation/ControlRig/Content/Controls/ControlRig_Diamond_solid.uasset" 457
"../../../Engine/Plugins/Animation/ControlRig/Content/Controls/ControlRig_Diamond_solid.uexp" 458
"../../../Engine/Plugins/Animation/ControlRig/Content/Controls/ControlRig_HalfCircle_1mm.ubulk" 459
"../../../Engine/Plugins/Animation/ControlRig/Content/Controls/ControlRig_HalfCircle_1mm.uasset" 460
"../../../Engine/Plugins/Animation/ControlRig/Content/Controls/ControlRig_HalfCircle_1mm.uexp" 461
"../../../Engine/Plugins/Animation/ControlRig/Content/Controls/ControlRig_HalfCircle_3mm.ubulk" 462
"../../../Engine/Plugins/Animation/ControlRig/Content/Controls/ControlRig_HalfCircle_3mm.uasset" 463
"../../../Engine/Plugins/Animation/ControlRig/Content/Controls/ControlRig_HalfCircle_3mm.uexp" 464
"../../../Engine/Plugins/Animation/ControlRig/Content/Controls/ControlRig_HalfCircle_solid.ubulk" 465
"../../../Engine/Plugins/Animation/ControlRig/Content/Controls/ControlRig_HalfCircle_solid.uasset" 466
"../../../Engine/Plugins/Animation/ControlRig/Content/Controls/ControlRig_HalfCircle_solid.uexp" 467
"../../../Engine/Plugins/Animation/ControlRig/Content/Controls/ControlRig_Hexagon_1mm.ubulk" 468
"../../../Engine/Plugins/Animation/ControlRig/Content/Controls/ControlRig_Hexagon_1mm.uasset" 469
"../../../Engine/Plugins/Animation/ControlRig/Content/Controls/ControlRig_Hexagon_1mm.uexp" 470
"../../../Engine/Plugins/Animation/ControlRig/Content/Controls/ControlRig_Hexagon_3mm.ubulk" 471
"../../../Engine/Plugins/Animation/ControlRig/Content/Controls/ControlRig_Hexagon_3mm.uasset" 472
"../../../Engine/Plugins/Animation/ControlRig/Content/Controls/ControlRig_Hexagon_3mm.uexp" 473
"../../../Engine/Plugins/Animation/ControlRig/Content/Controls/ControlRig_Hexagon_solid.ubulk" 474
"../../../Engine/Plugins/Animation/ControlRig/Content/Controls/ControlRig_Hexagon_solid.uasset" 475
"../../../Engine/Plugins/Animation/ControlRig/Content/Controls/ControlRig_Hexagon_solid.uexp" 476
"../../../Engine/Plugins/Animation/ControlRig/Content/Controls/ControlRig_Octagon_1mm.ubulk" 477
"../../../Engine/Plugins/Animation/ControlRig/Content/Controls/ControlRig_Octagon_1mm.uasset" 478
"../../../Engine/Plugins/Animation/ControlRig/Content/Controls/ControlRig_Octagon_1mm.uexp" 479
"../../../Engine/Plugins/Animation/ControlRig/Content/Controls/ControlRig_Octagon_3mm.ubulk" 480
"../../../Engine/Plugins/Animation/ControlRig/Content/Controls/ControlRig_Octagon_3mm.uasset" 481
"../../../Engine/Plugins/Animation/ControlRig/Content/Controls/ControlRig_Octagon_3mm.uexp" 482
"../../../Engine/Plugins/Animation/ControlRig/Content/Controls/ControlRig_Octagon_solid.ubulk" 483
"../../../Engine/Plugins/Animation/ControlRig/Content/Controls/ControlRig_Octagon_solid.uasset" 484
"../../../Engine/Plugins/Animation/ControlRig/Content/Controls/ControlRig_Octagon_solid.uexp" 485
"../../../Engine/Content/EngineMaterials/WeightMapPlaceholderTexture.uasset" 486
"../../../Engine/Content/EngineMaterials/WeightMapPlaceholderTexture.uexp" 487
"../../../Engine/Content/EngineMaterials/WeightMapArrayPlaceholderTexture.uasset" 488
"../../../Engine/Content/EngineMaterials/WeightMapArrayPlaceholderTexture.uexp" 489
"../../../Engine/Plugins/Animation/ControlRig/Content/Controls/ControlRig_Pyramid_1mm.ubulk" 490
"../../../Engine/Plugins/Animation/ControlRig/Content/Controls/ControlRig_Pyramid_1mm.uasset" 491
"../../../Engine/Plugins/Animation/ControlRig/Content/Controls/ControlRig_Pyramid_1mm.uexp" 492
"../../../Engine/Plugins/Interchange/Assets/Content/Functions/MX_AbsorptionVDF.uasset" 493
"../../../Engine/Plugins/Interchange/Assets/Content/Functions/MX_AbsorptionVDF.uexp" 494
"../../../Engine/Plugins/Animation/ControlRig/Content/Controls/ControlRig_Pyramid_3mm.ubulk" 495
"../../../Engine/Plugins/Animation/ControlRig/Content/Controls/ControlRig_Pyramid_3mm.uasset" 496
"../../../Engine/Plugins/Animation/ControlRig/Content/Controls/ControlRig_Pyramid_3mm.uexp" 497
"../../../Engine/Plugins/Animation/ControlRig/Content/Controls/ControlRig_Pyramid_solid.ubulk" 498
"../../../Engine/Plugins/Animation/ControlRig/Content/Controls/ControlRig_Pyramid_solid.uasset" 499
"../../../Engine/Plugins/Animation/ControlRig/Content/Controls/ControlRig_Pyramid_solid.uexp" 500
"../../../Engine/Content/EngineResources/WhiteSquareTexture.uasset" 501
"../../../Engine/Content/EngineResources/WhiteSquareTexture.uexp" 502
"../../../Engine/Content/EngineMaterials/Widget3DPassThrough.uasset" 503
"../../../Engine/Content/EngineMaterials/Widget3DPassThrough.uexp" 504
"../../../Engine/Content/EngineMaterials/Widget3DPassThrough_Masked.uasset" 505
"../../../Engine/Content/EngineMaterials/Widget3DPassThrough_Masked.uexp" 506
"../../../Engine/Content/EngineMaterials/Widget3DPassThrough_Opaque.uasset" 507
"../../../Engine/Content/EngineMaterials/Widget3DPassThrough_Opaque.uexp" 508
"../../../Engine/Content/EngineMaterials/Widget3DPassThrough_Masked_OneSided.uasset" 509
"../../../Engine/Content/EngineMaterials/Widget3DPassThrough_Masked_OneSided.uexp" 510
"../../../Engine/Content/EngineMaterials/Widget3DPassThrough_Opaque_OneSided.uasset" 511
"../../../Engine/Content/EngineMaterials/Widget3DPassThrough_Opaque_OneSided.uexp" 512
"../../../Engine/Plugins/Animation/ControlRig/Content/Controls/ControlRig_QuarterCircle_1mm.ubulk" 513
"../../../Engine/Plugins/Animation/ControlRig/Content/Controls/ControlRig_QuarterCircle_1mm.uasset" 514
"../../../Engine/Plugins/Animation/ControlRig/Content/Controls/ControlRig_QuarterCircle_1mm.uexp" 515
"../../../Engine/Plugins/Interchange/Assets/Content/Functions/MX_AnisotropicVDF.uasset" 516
"../../../Engine/Plugins/Interchange/Assets/Content/Functions/MX_AnisotropicVDF.uexp" 517
"../../../Engine/Content/EngineMaterials/Widget3DPassThrough_Translucent.uasset" 518
"../../../Engine/Content/EngineMaterials/Widget3DPassThrough_Translucent.uexp" 519
"../../../Engine/Content/EngineMaterials/Widget3DPassThrough_Translucent_OneSided.uasset" 520
"../../../Engine/Content/EngineMaterials/Widget3DPassThrough_Translucent_OneSided.uexp" 521
"../../../Engine/Plugins/Animation/ControlRig/Content/Controls/ControlRig_QuarterCircle_3mm.ubulk" 522
"../../../Engine/Plugins/Animation/ControlRig/Content/Controls/ControlRig_QuarterCircle_3mm.uasset" 523
"../../../Engine/Plugins/Animation/ControlRig/Content/Controls/ControlRig_QuarterCircle_3mm.uexp" 524
"../../../Engine/Plugins/Animation/ControlRig/Content/Controls/ControlRig_QuarterCircle_solid.ubulk" 525
"../../../Engine/Plugins/Animation/ControlRig/Content/Controls/ControlRig_QuarterCircle_solid.uasset" 526
"../../../Engine/Plugins/Animation/ControlRig/Content/Controls/ControlRig_QuarterCircle_solid.uexp" 527
"../../../Engine/Content/Functions/Engine_MaterialFunctions02/Utility/VectorLength.uasset" 528
"../../../Engine/Content/Functions/Engine_MaterialFunctions02/Utility/VectorLength.uexp" 529
"../../../Engine/Plugins/Experimental/MeshModelingToolsetExp/Content/Materials/GetDisplacementVectorForDepthBias.uasset" 530
"../../../Engine/Plugins/Experimental/MeshModelingToolsetExp/Content/Materials/GetDisplacementVectorForDepthBias.uexp" 531
"../../../Engine/Content/Functions/Engine_MaterialFunctions03/Viewport/MF_OrthoWidth.uasset" 532
"../../../Engine/Content/Functions/Engine_MaterialFunctions03/Viewport/MF_OrthoWidth.uexp" 533
"../../../Engine/Content/Functions/Engine_MaterialFunctions02/Utility/FOV.uasset" 534
"../../../Engine/Content/Functions/Engine_MaterialFunctions02/Utility/FOV.uexp" 535
"../../../Engine/Content/Functions/Engine_MaterialFunctions02/WorldPositionOffset/V2/ObjectScale.uasset" 536
"../../../Engine/Content/Functions/Engine_MaterialFunctions02/WorldPositionOffset/V2/ObjectScale.uexp" 537
"../../../Engine/Plugins/Experimental/MeshModelingToolsetExp/Content/Materials/PointSetOverlaidComponentMaterial.uasset" 538
"../../../Engine/Plugins/Experimental/MeshModelingToolsetExp/Content/Materials/PointSetOverlaidComponentMaterial.uexp" 539
"../../../Engine/Plugins/Interchange/Assets/Content/Functions/MX_BurleyDiffuseBSDF.uasset" 540
"../../../Engine/Plugins/Interchange/Assets/Content/Functions/MX_BurleyDiffuseBSDF.uexp" 541
"../../../Engine/Content/EditorResources/S_Solver.ubulk" 542
"../../../Engine/Content/EditorResources/S_Solver.uasset" 543
"../../../Engine/Content/EditorResources/S_Solver.uexp" 544
"../../../Engine/Plugins/Animation/ControlRig/Content/Controls/ControlRig_RoundedSquare_1mm.ubulk" 545
"../../../Engine/Plugins/Animation/ControlRig/Content/Controls/ControlRig_RoundedSquare_1mm.uasset" 546
"../../../Engine/Plugins/Animation/ControlRig/Content/Controls/ControlRig_RoundedSquare_1mm.uexp" 547
"../../../Engine/Plugins/Animation/ControlRig/Content/Controls/ControlRig_RoundedSquare_3mm.ubulk" 548
"../../../Engine/Plugins/Animation/ControlRig/Content/Controls/ControlRig_RoundedSquare_3mm.uasset" 549
"../../../Engine/Plugins/Animation/ControlRig/Content/Controls/ControlRig_RoundedSquare_3mm.uexp" 550
"../../../Engine/Plugins/Interchange/Assets/Content/Functions/MX_ChiangHairBSDF.uasset" 551
"../../../Engine/Plugins/Interchange/Assets/Content/Functions/MX_ChiangHairBSDF.uexp" 552
"../../../Engine/Content/EditorResources/S_Terrain.ubulk" 553
"../../../Engine/Content/EditorResources/S_Terrain.uasset" 554
"../../../Engine/Content/EditorResources/S_Terrain.uexp" 555
"../../../Engine/Plugins/Animation/ControlRig/Content/Controls/ControlRig_RoundedSquare_solid.ubulk" 556
"../../../Engine/Plugins/Animation/ControlRig/Content/Controls/ControlRig_RoundedSquare_solid.uasset" 557
"../../../Engine/Plugins/Animation/ControlRig/Content/Controls/ControlRig_RoundedSquare_solid.uexp" 558
"../../../Engine/Plugins/Interchange/Assets/Content/Functions/MX_ConductorBSDF.uasset" 559
"../../../Engine/Plugins/Interchange/Assets/Content/Functions/MX_ConductorBSDF.uexp" 560
"../../../Engine/Plugins/Interchange/Assets/Content/Functions/MX_ConicalEDF.uasset" 561
"../../../Engine/Plugins/Interchange/Assets/Content/Functions/MX_ConicalEDF.uexp" 562
"../../../Engine/Content/EditorResources/S_Trigger.ubulk" 563
"../../../Engine/Content/EditorResources/S_Trigger.uasset" 564
"../../../Engine/Content/EditorResources/S_Trigger.uexp" 565
"../../../Engine/Plugins/Interchange/Assets/Content/Functions/MX_DielectricBSDF.uasset" 566
"../../../Engine/Plugins/Interchange/Assets/Content/Functions/MX_DielectricBSDF.uexp" 567
"../../../Engine/Content/EditorResources/SequenceRecorder/Countdown.uasset" 568
"../../../Engine/Content/EditorResources/SequenceRecorder/Countdown.uexp" 569
"../../../Engine/Content/EngineMaterials/DefaultBloomKernel.uasset" 570
"../../../Engine/Content/EngineMaterials/DefaultBloomKernel.uexp" 571
"../../../Engine/Content/EditorResources/S_TriggerBox.uasset" 572
"../../../Engine/Content/EditorResources/S_TriggerBox.uexp" 573
"../../../Engine/Content/EditorResources/SequenceRecorder/RecordingIndicator.uasset" 574
"../../../Engine/Content/EditorResources/SequenceRecorder/RecordingIndicator.uexp" 575
"../../../Engine/Plugins/Interchange/Assets/Content/Functions/MX_Displacement.uasset" 576
"../../../Engine/Plugins/Interchange/Assets/Content/Functions/MX_Displacement.uexp" 577
"../../../Engine/Plugins/Interchange/Assets/Content/Functions/MX_GeneralizedSchlickBSDF.uasset" 578
"../../../Engine/Plugins/Interchange/Assets/Content/Functions/MX_GeneralizedSchlickBSDF.uexp" 579
"../../../Engine/Content/EngineMaterials/DefaultBokeh.uasset" 580
"../../../Engine/Content/EngineMaterials/DefaultBokeh.uexp" 581
"../../../Engine/Content/EditorResources/S_TriggerCapsule.uasset" 582
"../../../Engine/Content/EditorResources/S_TriggerCapsule.uexp" 583
"../../../Engine/Content/EditorResources/S_TriggerSphere.uasset" 584
"../../../Engine/Content/EditorResources/S_TriggerSphere.uexp" 585
"../../../Engine/Plugins/Animation/DeformerGraph/Content/DeformerFunctions/DG_Function_LinearBlendSkin_Morph_Cloth.uasset" 586
"../../../Engine/Plugins/Animation/DeformerGraph/Content/DeformerFunctions/DG_Function_LinearBlendSkin_Morph_Cloth.uexp" 587
"../../../Engine/Plugins/Animation/DeformerGraph/Content/Deformers/DG_LinearBlendSkin_Morph_Cloth.uasset" 588
"../../../Engine/Plugins/Animation/DeformerGraph/Content/Deformers/DG_LinearBlendSkin_Morph_Cloth.uexp" 589
"../../../Engine/Plugins/Animation/DeformerGraph/Content/DeformerFunctions/DG_Function_ComputeNormalsTangents.uasset" 590
"../../../Engine/Plugins/Animation/DeformerGraph/Content/DeformerFunctions/DG_Function_ComputeNormalsTangents.uexp" 591
"../../../Engine/Plugins/Animation/DeformerGraph/Content/DeformerFunctions/DG_Function_LinearBlendSkin_Morph_Cloth_PositionOnly.uasset" 592
"../../../Engine/Plugins/Animation/DeformerGraph/Content/DeformerFunctions/DG_Function_LinearBlendSkin_Morph_Cloth_PositionOnly.uexp" 593
"../../../Engine/Plugins/Animation/DeformerGraph/Content/Deformers/DG_LinearBlendSkin_Morph_Cloth_RecomputeNormals.uasset" 594
"../../../Engine/Plugins/Animation/DeformerGraph/Content/Deformers/DG_LinearBlendSkin_Morph_Cloth_RecomputeNormals.uexp" 595
"../../../Engine/Plugins/Interchange/Assets/Content/Functions/MX_MeasuredEDF.uasset" 596
"../../../Engine/Plugins/Interchange/Assets/Content/Functions/MX_MeasuredEDF.uexp" 597
"../../../Engine/Plugins/Runtime/HairStrands/Content/Materials/HairCardsDefaultMaterial.uasset" 598
"../../../Engine/Plugins/Runtime/HairStrands/Content/Materials/HairCardsDefaultMaterial.uexp" 599
"../../../Engine/Plugins/Interchange/Assets/Content/Functions/MF_IridescenceNoLUT.uasset" 600
"../../../Engine/Plugins/Interchange/Assets/Content/Functions/MF_IridescenceNoLUT.uexp" 601
"../../../Engine/Plugins/Interchange/Assets/Content/Functions/MX_StandardSurface.uasset" 602
"../../../Engine/Plugins/Interchange/Assets/Content/Functions/MX_StandardSurface.uexp" 603
"../../../Engine/Plugins/Interchange/Assets/Content/Functions/MX_OpenPBR_Opaque.uasset" 604
"../../../Engine/Plugins/Interchange/Assets/Content/Functions/MX_OpenPBR_Opaque.uexp" 605
"../../../Engine/Plugins/Interchange/Assets/Content/Functions/MX_TransmissionSurface.uasset" 606
"../../../Engine/Plugins/Interchange/Assets/Content/Functions/MX_TransmissionSurface.uexp" 607
"../../../Engine/Plugins/Interchange/Assets/Content/Functions/MX_OpenPBR_Translucent.uasset" 608
"../../../Engine/Plugins/Interchange/Assets/Content/Functions/MX_OpenPBR_Translucent.uexp" 609
"../../../Engine/Content/Functions/Engine_MaterialFunctions02/Utility/MakeFloat2.uasset" 610
"../../../Engine/Content/Functions/Engine_MaterialFunctions02/Utility/MakeFloat2.uexp" 611
"../../../Engine/Content/EngineMaterials/HairColorMap.uasset" 612
"../../../Engine/Content/EngineMaterials/HairColorMap.uexp" 613
"../../../Engine/Content/EngineMaterials/HairDebugColor.uasset" 614
"../../../Engine/Content/EngineMaterials/HairDebugColor.uexp" 615
"../../../Engine/Plugins/Runtime/HairStrands/Content/Materials/HairGroupColors.uasset" 616
"../../../Engine/Plugins/Runtime/HairStrands/Content/Materials/HairGroupColors.uexp" 617
"../../../Engine/Plugins/Runtime/HairStrands/Content/Materials/HairDebugMaterial.uasset" 618
"../../../Engine/Plugins/Runtime/HairStrands/Content/Materials/HairDebugMaterial.uexp" 619
"../../../Engine/Plugins/Runtime/HairStrands/Content/Materials/HairDefaultMaterial.uasset" 620
"../../../Engine/Plugins/Runtime/HairStrands/Content/Materials/HairDefaultMaterial.uexp" 621
"../../../Engine/Plugins/Interchange/Assets/Content/Functions/MX_OrenNayarBSDF.uasset" 622
"../../../Engine/Plugins/Interchange/Assets/Content/Functions/MX_OrenNayarBSDF.uexp" 623
"../../../Engine/Plugins/Runtime/HairStrands/Content/Materials/HairMeshesDefaultMaterial.uasset" 624
"../../../Engine/Plugins/Runtime/HairStrands/Content/Materials/HairMeshesDefaultMaterial.uexp" 625
"../../../Engine/Plugins/Interchange/Assets/Content/Substrate/MX_SimpleVolume.uasset" 626
"../../../Engine/Plugins/Interchange/Assets/Content/Substrate/MX_SimpleVolume.uexp" 627
"../../../Engine/Plugins/Runtime/AudioWidgets/Content/Resources/ScrubHandleDown_Clamped.uasset" 628
"../../../Engine/Plugins/Runtime/AudioWidgets/Content/Resources/ScrubHandleDown_Clamped.uexp" 629
"../../../Engine/Content/Functions/Engine_MaterialFunctions02/WorldPositionOffset/ObjectScale.uasset" 630
"../../../Engine/Content/Functions/Engine_MaterialFunctions02/WorldPositionOffset/ObjectScale.uexp" 631
"../../../Engine/Plugins/Editor/SpeedTreeImporter/Content/SpeedTree9/Empty.uasset" 632
"../../../Engine/Plugins/Editor/SpeedTreeImporter/Content/SpeedTree9/Empty.uexp" 633
"../../../Engine/Plugins/Editor/SpeedTreeImporter/Content/SpeedTree9/EmptyNormal.uasset" 634
"../../../Engine/Plugins/Editor/SpeedTreeImporter/Content/SpeedTree9/EmptyNormal.uexp" 635
"../../../Engine/Plugins/Editor/SpeedTreeImporter/Content/SpeedTree9/game_wind_noise.ubulk" 636
"../../../Engine/Plugins/Editor/SpeedTreeImporter/Content/SpeedTree9/game_wind_noise.uasset" 637
"../../../Engine/Plugins/Editor/SpeedTreeImporter/Content/SpeedTree9/game_wind_noise.uexp" 638
"../../../Engine/Plugins/Editor/SpeedTreeImporter/Content/SpeedTree9/SpeedTreeBillboard.uasset" 639
"../../../Engine/Plugins/Editor/SpeedTreeImporter/Content/SpeedTree9/SpeedTreeBillboard.uexp" 640
"../../../Engine/Content/Functions/Engine_MaterialFunctions02/SafeNormalize.uasset" 641
"../../../Engine/Content/Functions/Engine_MaterialFunctions02/SafeNormalize.uexp" 642
"../../../Engine/Plugins/Editor/SpeedTreeImporter/Content/SpeedTree9/SpeedTreeWindMotion.uasset" 643
"../../../Engine/Plugins/Editor/SpeedTreeImporter/Content/SpeedTree9/SpeedTreeWindMotion.uexp" 644
"../../../Engine/Plugins/Editor/SpeedTreeImporter/Content/SpeedTree9/UnpackDirection.uasset" 645
"../../../Engine/Plugins/Editor/SpeedTreeImporter/Content/SpeedTree9/UnpackDirection.uexp" 646
"../../../Engine/Plugins/Editor/SpeedTreeImporter/Content/SpeedTree9/UnpackInteger3.uasset" 647
"../../../Engine/Plugins/Editor/SpeedTreeImporter/Content/SpeedTree9/UnpackInteger3.uexp" 648
"../../../Engine/Plugins/Editor/SpeedTreeImporter/Content/SpeedTree9/SpeedTreeBranchMotion.uasset" 649
"../../../Engine/Plugins/Editor/SpeedTreeImporter/Content/SpeedTree9/SpeedTreeBranchMotion.uexp" 650
"../../../Engine/Content/Functions/Engine_MaterialFunctions02/ObjectLocalBounds.uasset" 651
"../../../Engine/Content/Functions/Engine_MaterialFunctions02/ObjectLocalBounds.uexp" 652
"../../../Engine/Content/Functions/Engine_MaterialFunctions02/UVs/BoundingBoxBased_0-1_UVW.uasset" 653
"../../../Engine/Content/Functions/Engine_MaterialFunctions02/UVs/BoundingBoxBased_0-1_UVW.uexp" 654
"../../../Engine/Plugins/Editor/SpeedTreeImporter/Content/SpeedTree9/SpeedTreeWind.uasset" 655
"../../../Engine/Plugins/Editor/SpeedTreeImporter/Content/SpeedTree9/SpeedTreeWind.uexp" 656
"../../../Engine/Plugins/Editor/SpeedTreeImporter/Content/SpeedTree9/SpeedTreeBillboardMaster.uasset" 657
"../../../Engine/Plugins/Editor/SpeedTreeImporter/Content/SpeedTree9/SpeedTreeBillboardMaster.uexp" 658
"../../../Engine/Plugins/Editor/SpeedTreeImporter/Content/SpeedTree9/SpeedTreeCameraFacing.uasset" 659
"../../../Engine/Plugins/Editor/SpeedTreeImporter/Content/SpeedTree9/SpeedTreeCameraFacing.uexp" 660
"../../../Engine/Plugins/Editor/SpeedTreeImporter/Content/SpeedTree9/SpeedTreeMaster.uasset" 661
"../../../Engine/Plugins/Editor/SpeedTreeImporter/Content/SpeedTree9/SpeedTreeMaster.uexp" 662
"../../../Engine/Content/EngineMaterials/EnergyConservation/Diffuse_Energy.uasset" 663
"../../../Engine/Content/EngineMaterials/EnergyConservation/Diffuse_Energy.uexp" 664
"../../../Engine/Content/EngineMaterials/EnergyConservation/GGX_ReflectionEnergy.uasset" 665
"../../../Engine/Content/EngineMaterials/EnergyConservation/GGX_ReflectionEnergy.uexp" 666
"../../../Engine/Content/EditorMaterials/ParticleSystems/PSysThumbnail_NoImage.ubulk" 667
"../../../Engine/Content/EditorMaterials/ParticleSystems/PSysThumbnail_NoImage.uasset" 668
"../../../Engine/Content/EditorMaterials/ParticleSystems/PSysThumbnail_NoImage.uexp" 669
"../../../Engine/Content/EditorMaterials/ParticleSystems/PSysThumbnail_OOD.ubulk" 670
"../../../Engine/Content/EditorMaterials/ParticleSystems/PSysThumbnail_OOD.uasset" 671
"../../../Engine/Content/EditorMaterials/ParticleSystems/PSysThumbnail_OOD.uexp" 672
"../../../Engine/Content/EngineMaterials/EnergyConservation/GGX_TransmissionEnergyArray.uasset" 673
"../../../Engine/Content/EngineMaterials/EnergyConservation/GGX_TransmissionEnergyArray.uexp" 674
"../../../Engine/Content/EngineMaterials/EnergyConservation/SheenLegacy_Energy.uasset" 675
"../../../Engine/Content/EngineMaterials/EnergyConservation/SheenLegacy_Energy.uexp" 676
"../../../Engine/Content/EngineMaterials/EnergyConservation/Sheen_Energy.uasset" 677
"../../../Engine/Content/EngineMaterials/EnergyConservation/Sheen_Energy.uexp" 678
"../../../Engine/Content/EngineMaterials/LTC/GGX_LTCAmp.uasset" 679
"../../../Engine/Content/EngineMaterials/LTC/GGX_LTCAmp.uexp" 680
"../../../Engine/Content/EngineMaterials/LTC/GGX_LTCMat.uasset" 681
"../../../Engine/Content/EngineMaterials/LTC/GGX_LTCMat.uexp" 682
"../../../Engine/Content/EngineMaterials/LTC/Sheen_LTC.uasset" 683
"../../../Engine/Content/EngineMaterials/LTC/Sheen_LTC.uexp" 684
"../../../Engine/Content/EngineResources/Development/ZenLogo_64.uasset" 685
"../../../Engine/Content/EngineResources/Development/ZenLogo_64.uexp" 686
"../../../Engine/Content/EditorMaterials/Camera/CineMat.uasset" 687
"../../../Engine/Content/EditorMaterials/Camera/CineMat.uexp" 688
"../../../Engine/Content/EditorMaterials/Camera/MI_CineMat_Rig.uasset" 689
"../../../Engine/Content/EditorMaterials/Camera/MI_CineMat_Rig.uexp" 690
"../../../Engine/Content/EditorMeshes/Camera/SM_CraneRig_Arm.ubulk" 691
"../../../Engine/Content/EditorMeshes/Camera/SM_CraneRig_Arm.uasset" 692
"../../../Engine/Content/EditorMeshes/Camera/SM_CraneRig_Arm.uexp" 693
"../../../Engine/Content/EditorMeshes/Camera/SM_CraneRig_Base.ubulk" 694
"../../../Engine/Content/EditorMeshes/Camera/SM_CraneRig_Base.uasset" 695
"../../../Engine/Content/EditorMeshes/Camera/SM_CraneRig_Base.uexp" 696
"../../../Engine/Content/EngineResources/FilmGrains/Marcie_Grain_v3_128_M2_000.uasset" 697
"../../../Engine/Content/EngineResources/FilmGrains/Marcie_Grain_v3_128_M2_000.uexp" 698
"../../../Engine/Content/EditorMeshes/Camera/SM_CraneRig_Body.ubulk" 699
"../../../Engine/Content/EditorMeshes/Camera/SM_CraneRig_Body.uasset" 700
"../../../Engine/Content/EditorMeshes/Camera/SM_CraneRig_Body.uexp" 701
"../../../Engine/Content/EditorMeshes/Camera/SM_CraneRig_Mount.ubulk" 702
"../../../Engine/Content/EditorMeshes/Camera/SM_CraneRig_Mount.uasset" 703
"../../../Engine/Content/EditorMeshes/Camera/SM_CraneRig_Mount.uexp" 704
"../../../Engine/Content/EditorMeshes/Camera/SM_RailRig_Mount.ubulk" 705
"../../../Engine/Content/EditorMeshes/Camera/SM_RailRig_Mount.uasset" 706
"../../../Engine/Content/EditorMeshes/Camera/SM_RailRig_Mount.uexp" 707
"../../../Engine/Plugins/Media/MediaPlate/Content/SM_MediaPlateScreen.ubulk" 708
"../../../Engine/Plugins/Media/MediaPlate/Content/SM_MediaPlateScreen.uasset" 709
"../../../Engine/Plugins/Media/MediaPlate/Content/SM_MediaPlateScreen.uexp" 710
"../../../Engine/Plugins/NNE/NNEDenoiser/Content/NNEDIM_ColorAlbedoNormal_Alpha.uasset" 711
"../../../Engine/Plugins/NNE/NNEDenoiser/Content/NNEDIM_ColorAlbedoNormal_Alpha.uexp" 712
"../../../Engine/Plugins/NNE/NNEDenoiser/Content/NNEDIM_ColorAlbedoNormal_Default.uasset" 713
"../../../Engine/Plugins/NNE/NNEDenoiser/Content/NNEDIM_ColorAlbedoNormal_Default.uexp" 714
"../../../Engine/Plugins/NNE/NNEDenoiser/Content/NNEDIM_HighQuality_Alpha.uasset" 715
"../../../Engine/Plugins/NNE/NNEDenoiser/Content/NNEDIM_HighQuality_Alpha.uexp" 716
"../../../Engine/Plugins/NNE/NNEDenoiser/Content/NNEDIM_HighQuality_Default.uasset" 717
"../../../Engine/Plugins/NNE/NNEDenoiser/Content/NNEDIM_HighQuality_Default.uexp" 718
"../../../Engine/Plugins/NNE/NNEDenoiser/Content/NNEDOM_Output_Alpha.uasset" 719
"../../../Engine/Plugins/NNE/NNEDenoiser/Content/NNEDOM_Output_Alpha.uexp" 720
"../../../Engine/Plugins/NNE/NNEDenoiser/Content/NNEDOM_Output_Default.uasset" 721
"../../../Engine/Plugins/NNE/NNEDenoiser/Content/NNEDOM_Output_Default.uexp" 722
"../../../Engine/Plugins/NNE/NNEDenoiser/Content/NNEDTIM_ColorAlbedoNormal_Alpha.uasset" 723
"../../../Engine/Plugins/NNE/NNEDenoiser/Content/NNEDTIM_ColorAlbedoNormal_Alpha.uexp" 724
"../../../Engine/Plugins/NNE/NNEDenoiser/Content/NNEDTIM_ColorAlbedoNormal_Default.uasset" 725
"../../../Engine/Plugins/NNE/NNEDenoiser/Content/NNEDTIM_ColorAlbedoNormal_Default.uexp" 726
"../../../Engine/Plugins/NNE/NNEDenoiser/Content/NNEDTOM_Output_Alpha.uasset" 727
"../../../Engine/Plugins/NNE/NNEDenoiser/Content/NNEDTOM_Output_Alpha.uexp" 728
"../../../Engine/Plugins/NNE/NNEDenoiser/Content/NNEDTOM_Output_Default.uasset" 729
"../../../Engine/Plugins/NNE/NNEDenoiser/Content/NNEDTOM_Output_Default.uexp" 730
"../../../Engine/Plugins/NNE/NNEDenoiser/Content/NNEDT_Oidn2-3_Balanced.uasset" 731
"../../../Engine/Plugins/NNE/NNEDenoiser/Content/NNEDT_Oidn2-3_Balanced.uexp" 732
"../../../Engine/Plugins/NNE/NNEDenoiser/Content/NNEDT_Oidn2-3_Balanced_Alpha.uasset" 733
"../../../Engine/Plugins/NNE/NNEDenoiser/Content/NNEDT_Oidn2-3_Balanced_Alpha.uexp" 734
"../../../Engine/Plugins/NNE/NNEDenoiser/Content/NNED_Oidn2-3_Balanced.uasset" 735
"../../../Engine/Plugins/NNE/NNEDenoiser/Content/NNED_Oidn2-3_Balanced.uexp" 736
"../../../Engine/Plugins/NNE/NNEDenoiser/Content/NNED_Oidn2-3_Balanced_Alpha.uasset" 737
"../../../Engine/Plugins/NNE/NNEDenoiser/Content/NNED_Oidn2-3_Balanced_Alpha.uexp" 738
"../../../Engine/Plugins/NNE/NNEDenoiser/Content/NNED_Oidn2-3_Fast.uasset" 739
"../../../Engine/Plugins/NNE/NNEDenoiser/Content/NNED_Oidn2-3_Fast.uexp" 740
"../../../Engine/Plugins/NNE/NNEDenoiser/Content/NNED_Oidn2-3_Fast_Alpha.uasset" 741
"../../../Engine/Plugins/NNE/NNEDenoiser/Content/NNED_Oidn2-3_Fast_Alpha.uexp" 742
"../../../Engine/Content/EditorMaterials/Dataflow/DataflowTwoSidedVertexMaterial.uasset" 743
"../../../Engine/Content/EditorMaterials/Dataflow/DataflowTwoSidedVertexMaterial.uexp" 744
"../../../Engine/Plugins/NNE/NNEDenoiser/Content/NNED_Oidn2-3_HighQuality.uasset" 745
"../../../Engine/Plugins/NNE/NNEDenoiser/Content/NNED_Oidn2-3_HighQuality.uexp" 746
"../../../Engine/Plugins/NNE/NNEDenoiser/Content/NNED_Oidn2-3_HighQuality_Alpha.uasset" 747
"../../../Engine/Plugins/NNE/NNEDenoiser/Content/NNED_Oidn2-3_HighQuality_Alpha.uexp" 748
"../../../Engine/Plugins/NNE/NNEDenoiser/Content/NNE_oidn2-3-0_rt_hdr_alb_nrm_small__dyn__fp16_opset11_DenoiseAlpha.uasset" 749
"../../../Engine/Plugins/NNE/NNEDenoiser/Content/NNE_oidn2-3-0_rt_hdr_alb_nrm_small__dyn__fp16_opset11_DenoiseAlpha.uexp" 750
"../../../Engine/Plugins/NNE/NNEDenoiser/Content/NNE_oidn2-3-0_rt_hdr_alb_nrm_small__dyn__fp16_opset11_ForwardAlpha.uasset" 751
"../../../Engine/Plugins/NNE/NNEDenoiser/Content/NNE_oidn2-3-0_rt_hdr_alb_nrm_small__dyn__fp16_opset11_ForwardAlpha.uexp" 752
"../../../Engine/Plugins/NNE/NNEDenoiser/Content/NNE_oidn2-3-0_rt_hdr_alb_nrm__dyn__fp16_opset11_DenoiseAlpha.uasset" 753
"../../../Engine/Plugins/NNE/NNEDenoiser/Content/NNE_oidn2-3-0_rt_hdr_alb_nrm__dyn__fp16_opset11_DenoiseAlpha.uexp" 754
"../../../Engine/Plugins/NNE/NNEDenoiser/Content/NNE_oidn2-3-0_rt_hdr_alb_nrm__dyn__fp16_opset11_ForwardAlpha.uasset" 755
"../../../Engine/Plugins/NNE/NNEDenoiser/Content/NNE_oidn2-3-0_rt_hdr_alb_nrm__dyn__fp16_opset11_ForwardAlpha.uexp" 756
"../../../Engine/Plugins/NNE/NNEDenoiser/Content/NNE_oidn2-3-0_rt_hdr_calb_cnrm_large__dyn__fp16_opset11_DenoiseAlpha.uasset" 757
"../../../Engine/Plugins/NNE/NNEDenoiser/Content/NNE_oidn2-3-0_rt_hdr_calb_cnrm_large__dyn__fp16_opset11_DenoiseAlpha.uexp" 758
"../../../Engine/Plugins/NNE/NNEDenoiser/Content/NNE_oidn2-3-0_rt_hdr_calb_cnrm_large__dyn__fp16_opset11_ForwardAlpha.uasset" 759
"../../../Engine/Plugins/NNE/NNEDenoiser/Content/NNE_oidn2-3-0_rt_hdr_calb_cnrm_large__dyn__fp16_opset11_ForwardAlpha.uexp" 760
"../../../Engine/Content/EditorMaterials/Dataflow/DataflowVertexMaterial.uasset" 761
"../../../Engine/Content/EditorMaterials/Dataflow/DataflowVertexMaterial.uexp" 762
"../../../Engine/Content/EditorMeshes/Camera/SM_RailRig_Track.ubulk" 763
"../../../Engine/Content/EditorMeshes/Camera/SM_RailRig_Track.uasset" 764
"../../../Engine/Content/EditorMeshes/Camera/SM_RailRig_Track.uexp" 765
"../../../Engine/Content/BasicShapes/BasicShapeMaterial.uasset" 766
"../../../Engine/Content/BasicShapes/BasicShapeMaterial.uexp" 767
"../../../Engine/Content/EngineMaterials/DefaultMaterial.uasset" 768
"../../../Engine/Content/EngineMaterials/DefaultMaterial.uexp" 769
"../../../Engine/Content/BasicShapes/Cone.ubulk" 770
"../../../Engine/Content/BasicShapes/Cone.uasset" 771
"../../../Engine/Content/BasicShapes/Cone.uexp" 772
"../../../Engine/Content/BasicShapes/Cube.ubulk" 773
"../../../Engine/Content/BasicShapes/Cube.uasset" 774
"../../../Engine/Content/BasicShapes/Cube.uexp" 775
"../../../Engine/Content/VREditor/TransformGizmo/BoundingBoxCorner.ubulk" 776
"../../../Engine/Content/VREditor/TransformGizmo/BoundingBoxCorner.uasset" 777
"../../../Engine/Content/VREditor/TransformGizmo/BoundingBoxCorner.uexp" 778
"../../../Engine/Content/BasicShapes/Cylinder.ubulk" 779
"../../../Engine/Content/BasicShapes/Cylinder.uasset" 780
"../../../Engine/Content/BasicShapes/Cylinder.uexp" 781
"../../../Engine/Content/VREditor/TransformGizmo/BoundingBoxEdge.ubulk" 782
"../../../Engine/Content/VREditor/TransformGizmo/BoundingBoxEdge.uasset" 783
"../../../Engine/Content/VREditor/TransformGizmo/BoundingBoxEdge.uexp" 784
"../../../Engine/Content/BasicShapes/Plane.ubulk" 785
"../../../Engine/Content/BasicShapes/Plane.uasset" 786
"../../../Engine/Content/BasicShapes/Plane.uexp" 787
"../../../Engine/Content/BasicShapes/Sphere.ubulk" 788
"../../../Engine/Content/BasicShapes/Sphere.uasset" 789
"../../../Engine/Content/BasicShapes/Sphere.uexp" 790
"../../../Engine/Content/EngineMaterials/Substrate/GLints/AGlintTex2dArray.uasset" 791
"../../../Engine/Content/EngineMaterials/Substrate/GLints/AGlintTex2dArray.uexp" 792
"../../../Engine/Content/Functions/Engine_MaterialFunctions01/Texturing/FlattenNormal.uasset" 793
"../../../Engine/Content/Functions/Engine_MaterialFunctions01/Texturing/FlattenNormal.uexp" 794
"../../../Engine/Plugins/Interchange/Assets/Content/Utilities/New_LUT.uasset" 795
"../../../Engine/Plugins/Interchange/Assets/Content/Utilities/New_LUT.uexp" 796
"../../../Engine/Content/Functions/Engine_MaterialFunctions03/Math/RemapValueRange.uasset" 797
"../../../Engine/Content/Functions/Engine_MaterialFunctions03/Math/RemapValueRange.uexp" 798
"../../../Engine/Plugins/Interchange/Assets/Content/Functions/MF_Iridescence.uasset" 799
"../../../Engine/Plugins/Interchange/Assets/Content/Functions/MF_Iridescence.uexp" 800
"../../../Engine/Plugins/Interchange/Assets/Content/gltf/Textures/T_White_srgb.uasset" 801
"../../../Engine/Plugins/Interchange/Assets/Content/gltf/Textures/T_White_srgb.uexp" 802
"../../../Engine/Plugins/Interchange/Assets/Content/gltf/MaterialFunctions/MF_BaseColor.uasset" 803
"../../../Engine/Plugins/Interchange/Assets/Content/gltf/MaterialFunctions/MF_BaseColor.uexp" 804
"../../../Engine/Plugins/Interchange/Assets/Content/gltf/MaterialFunctions/MF_RotateNormals_TS.uasset" 805
"../../../Engine/Plugins/Interchange/Assets/Content/gltf/MaterialFunctions/MF_RotateNormals_TS.uexp" 806
"../../../Engine/Plugins/Interchange/Assets/Content/gltf/Textures/T_Generic_N.uasset" 807
"../../../Engine/Plugins/Interchange/Assets/Content/gltf/Textures/T_Generic_N.uexp" 808
"../../../Engine/Plugins/Interchange/Assets/Content/gltf/Textures/T_White_Linear.uasset" 809
"../../../Engine/Plugins/Interchange/Assets/Content/gltf/Textures/T_White_Linear.uexp" 810
"../../../Engine/Plugins/Interchange/Assets/Content/gltf/MaterialFunctions/MF_Clearcoat.uasset" 811
"../../../Engine/Plugins/Interchange/Assets/Content/gltf/MaterialFunctions/MF_Clearcoat.uexp" 812
"../../../Engine/Plugins/Interchange/Assets/Content/gltf/MaterialFunctions/MF_Emissive.uasset" 813
"../../../Engine/Plugins/Interchange/Assets/Content/gltf/MaterialFunctions/MF_Emissive.uexp" 814
"../../../Engine/Plugins/Interchange/Assets/Content/gltf/MaterialFunctions/MF_IOR.uasset" 815
"../../../Engine/Plugins/Interchange/Assets/Content/gltf/MaterialFunctions/MF_IOR.uexp" 816
"../../../Engine/Plugins/Interchange/Assets/Content/gltf/MaterialFunctions/MF_Iridescence.uasset" 817
"../../../Engine/Plugins/Interchange/Assets/Content/gltf/MaterialFunctions/MF_Iridescence.uexp" 818
"../../../Engine/Plugins/Interchange/Assets/Content/gltf/MaterialFunctions/MF_MetallicRoughness.uasset" 819
"../../../Engine/Plugins/Interchange/Assets/Content/gltf/MaterialFunctions/MF_MetallicRoughness.uexp" 820
"../../../Engine/Plugins/Interchange/Assets/Content/gltf/MaterialFunctions/MF_ScaleNormal.uasset" 821
"../../../Engine/Plugins/Interchange/Assets/Content/gltf/MaterialFunctions/MF_ScaleNormal.uexp" 822
"../../../Engine/Plugins/Interchange/Assets/Content/gltf/MaterialFunctions/MF_Normals.uasset" 823
"../../../Engine/Plugins/Interchange/Assets/Content/gltf/MaterialFunctions/MF_Normals.uexp" 824
"../../../Engine/Plugins/Interchange/Assets/Content/gltf/MaterialFunctions/MF_Occlusion.uasset" 825
"../../../Engine/Plugins/Interchange/Assets/Content/gltf/MaterialFunctions/MF_Occlusion.uexp" 826
"../../../Engine/Plugins/Interchange/Assets/Content/gltf/MaterialFunctions/MF_Specular.uasset" 827
"../../../Engine/Plugins/Interchange/Assets/Content/gltf/MaterialFunctions/MF_Specular.uexp" 828
"../../../Engine/Plugins/Interchange/Assets/Content/gltf/Textures/T_Anisotropy_Direction_Linear.uasset" 829
"../../../Engine/Plugins/Interchange/Assets/Content/gltf/Textures/T_Anisotropy_Direction_Linear.uexp" 830
"../../../Engine/Plugins/Interchange/Assets/Content/gltf/MaterialFunctions/MF_SpecularAnisotropy.uasset" 831
"../../../Engine/Plugins/Interchange/Assets/Content/gltf/MaterialFunctions/MF_SpecularAnisotropy.uexp" 832
"../../../Engine/Plugins/Interchange/Assets/Content/gltf/MaterialFunctions/MF_RotateV2.uasset" 833
"../../../Engine/Plugins/Interchange/Assets/Content/gltf/MaterialFunctions/MF_RotateV2.uexp" 834
"../../../Engine/Plugins/Interchange/Assets/Content/gltf/MaterialFunctions/MF_TransformUVs.uasset" 835
"../../../Engine/Plugins/Interchange/Assets/Content/gltf/MaterialFunctions/MF_TransformUVs.uexp" 836
"../../../Engine/Plugins/Interchange/Assets/Content/gltf/MaterialBodies/MF_ClearCoat_Body.uasset" 837
"../../../Engine/Plugins/Interchange/Assets/Content/gltf/MaterialBodies/MF_ClearCoat_Body.uexp" 838
"../../../Engine/Plugins/Interchange/Assets/Content/gltf/M_ClearCoat.uasset" 839
"../../../Engine/Plugins/Interchange/Assets/Content/gltf/M_ClearCoat.uexp" 840
"../../../Engine/Plugins/Interchange/Assets/Content/gltf/MaterialInstances/MI_ClearCoat_Blend.uasset" 841
"../../../Engine/Plugins/Interchange/Assets/Content/gltf/MaterialInstances/MI_ClearCoat_Blend.uexp" 842
"../../../Engine/Plugins/Interchange/Assets/Content/gltf/MaterialInstances/MI_ClearCoat_Blend_DS.uasset" 843
"../../../Engine/Plugins/Interchange/Assets/Content/gltf/MaterialInstances/MI_ClearCoat_Blend_DS.uexp" 844
"../../../Engine/Plugins/Interchange/Assets/Content/gltf/MaterialInstances/MI_ClearCoat_Mask.uasset" 845
"../../../Engine/Plugins/Interchange/Assets/Content/gltf/MaterialInstances/MI_ClearCoat_Mask.uexp" 846
"../../../Engine/Plugins/Interchange/Assets/Content/gltf/MaterialInstances/MI_ClearCoat_Mask_DS.uasset" 847
"../../../Engine/Plugins/Interchange/Assets/Content/gltf/MaterialInstances/MI_ClearCoat_Mask_DS.uexp" 848
"../../../Engine/Plugins/Interchange/Assets/Content/gltf/MaterialInstances/MI_ClearCoat_Opaque.uasset" 849
"../../../Engine/Plugins/Interchange/Assets/Content/gltf/MaterialInstances/MI_ClearCoat_Opaque.uexp" 850
"../../../Engine/Plugins/Interchange/Assets/Content/gltf/MaterialInstances/MI_ClearCoat_Opaque_DS.uasset" 851
"../../../Engine/Plugins/Interchange/Assets/Content/gltf/MaterialInstances/MI_ClearCoat_Opaque_DS.uexp" 852
"../../../Engine/Plugins/Interchange/Assets/Content/gltf/MaterialBodies/MF_Default_Body.uasset" 853
"../../../Engine/Plugins/Interchange/Assets/Content/gltf/MaterialBodies/MF_Default_Body.uexp" 854
"../../../Engine/Plugins/Interchange/Assets/Content/gltf/M_Default.uasset" 855
"../../../Engine/Plugins/Interchange/Assets/Content/gltf/M_Default.uexp" 856
"../../../Engine/Plugins/Interchange/Assets/Content/gltf/MaterialInstances/MI_Default_Blend.uasset" 857
"../../../Engine/Plugins/Interchange/Assets/Content/gltf/MaterialInstances/MI_Default_Blend.uexp" 858
"../../../Engine/Plugins/Interchange/Assets/Content/gltf/MaterialInstances/MI_Default_Blend_DS.uasset" 859
"../../../Engine/Plugins/Interchange/Assets/Content/gltf/MaterialInstances/MI_Default_Blend_DS.uexp" 860
"../../../Engine/Plugins/Interchange/Assets/Content/gltf/MaterialInstances/MI_Default_Mask.uasset" 861
"../../../Engine/Plugins/Interchange/Assets/Content/gltf/MaterialInstances/MI_Default_Mask.uexp" 862
"../../../Engine/Plugins/Interchange/Assets/Content/gltf/MaterialInstances/MI_Default_Mask_DS.uasset" 863
"../../../Engine/Plugins/Interchange/Assets/Content/gltf/MaterialInstances/MI_Default_Mask_DS.uexp" 864
"../../../Engine/Plugins/Interchange/Assets/Content/gltf/MaterialInstances/MI_Default_Opaque.uasset" 865
"../../../Engine/Plugins/Interchange/Assets/Content/gltf/MaterialInstances/MI_Default_Opaque.uexp" 866
"../../../Engine/Plugins/Interchange/Assets/Content/gltf/MaterialInstances/MI_Default_Opaque_DS.uasset" 867
"../../../Engine/Plugins/Interchange/Assets/Content/gltf/MaterialInstances/MI_Default_Opaque_DS.uexp" 868
"../../../Engine/Plugins/Interchange/Assets/Content/gltf/MaterialFunctions/MF_Sheen.uasset" 869
"../../../Engine/Plugins/Interchange/Assets/Content/gltf/MaterialFunctions/MF_Sheen.uexp" 870
"../../../Engine/Plugins/Interchange/Assets/Content/gltf/MaterialBodies/MF_Sheen_Body.uasset" 871
"../../../Engine/Plugins/Interchange/Assets/Content/gltf/MaterialBodies/MF_Sheen_Body.uexp" 872
"../../../Engine/Plugins/Interchange/Assets/Content/gltf/M_Sheen.uasset" 873
"../../../Engine/Plugins/Interchange/Assets/Content/gltf/M_Sheen.uexp" 874
"../../../Engine/Plugins/Interchange/Assets/Content/gltf/MaterialInstances/MI_Sheen_Blend.uasset" 875
"../../../Engine/Plugins/Interchange/Assets/Content/gltf/MaterialInstances/MI_Sheen_Blend.uexp" 876
"../../../Engine/Plugins/Interchange/Assets/Content/gltf/MaterialInstances/MI_Sheen_Blend_DS.uasset" 877
"../../../Engine/Plugins/Interchange/Assets/Content/gltf/MaterialInstances/MI_Sheen_Blend_DS.uexp" 878
"../../../Engine/Plugins/Interchange/Assets/Content/gltf/MaterialInstances/MI_Sheen_Mask.uasset" 879
"../../../Engine/Plugins/Interchange/Assets/Content/gltf/MaterialInstances/MI_Sheen_Mask.uexp" 880
"../../../Engine/Plugins/Interchange/Assets/Content/gltf/MaterialInstances/MI_Sheen_Mask_DS.uasset" 881
"../../../Engine/Plugins/Interchange/Assets/Content/gltf/MaterialInstances/MI_Sheen_Mask_DS.uexp" 882
"../../../Engine/Plugins/Interchange/Assets/Content/gltf/MaterialInstances/MI_Sheen_Opaque.uasset" 883
"../../../Engine/Plugins/Interchange/Assets/Content/gltf/MaterialInstances/MI_Sheen_Opaque.uexp" 884
"../../../Engine/Plugins/Interchange/Assets/Content/gltf/MaterialInstances/MI_Sheen_Opaque_DS.uasset" 885
"../../../Engine/Plugins/Interchange/Assets/Content/gltf/MaterialInstances/MI_Sheen_Opaque_DS.uexp" 886
"../../../Engine/Plugins/Interchange/Assets/Content/gltf/MaterialFunctions/MF_DiffuseSpecGloss.uasset" 887
"../../../Engine/Plugins/Interchange/Assets/Content/gltf/MaterialFunctions/MF_DiffuseSpecGloss.uexp" 888
"../../../Engine/Plugins/Interchange/Assets/Content/gltf/MaterialFunctions/MF_MaxComponentValue.uasset" 889
"../../../Engine/Plugins/Interchange/Assets/Content/gltf/MaterialFunctions/MF_MaxComponentValue.uexp" 890
"../../../Engine/Content/Functions/Engine_MaterialFunctions02/Math/AddComponents.uasset" 891
"../../../Engine/Content/Functions/Engine_MaterialFunctions02/Math/AddComponents.uexp" 892
"../../../Engine/Plugins/Interchange/Assets/Content/gltf/MaterialFunctions/MF_PerceivedBrightness.uasset" 893
"../../../Engine/Plugins/Interchange/Assets/Content/gltf/MaterialFunctions/MF_PerceivedBrightness.uexp" 894
"../../../Engine/Plugins/Interchange/Assets/Content/gltf/MaterialFunctions/MF_SpecGlossToMetalRoughness.uasset" 895
"../../../Engine/Plugins/Interchange/Assets/Content/gltf/MaterialFunctions/MF_SpecGlossToMetalRoughness.uexp" 896
"../../../Engine/Plugins/Interchange/Assets/Content/gltf/MaterialBodies/MF_SpecularGlossiness_Body.uasset" 897
"../../../Engine/Plugins/Interchange/Assets/Content/gltf/MaterialBodies/MF_SpecularGlossiness_Body.uexp" 898
"../../../Engine/Plugins/Interchange/Assets/Content/gltf/M_SpecularGlossiness.uasset" 899
"../../../Engine/Plugins/Interchange/Assets/Content/gltf/M_SpecularGlossiness.uexp" 900
"../../../Engine/Plugins/Interchange/Assets/Content/gltf/MaterialInstances/MI_SpecularGlossiness_Blend.uasset" 901
"../../../Engine/Plugins/Interchange/Assets/Content/gltf/MaterialInstances/MI_SpecularGlossiness_Blend.uexp" 902
"../../../Engine/Plugins/Interchange/Assets/Content/gltf/MaterialInstances/MI_SpecularGlossiness_Blend_DS.uasset" 903
"../../../Engine/Plugins/Interchange/Assets/Content/gltf/MaterialInstances/MI_SpecularGlossiness_Blend_DS.uexp" 904
"../../../Engine/Plugins/Interchange/Assets/Content/gltf/MaterialInstances/MI_SpecularGlossiness_Mask.uasset" 905
"../../../Engine/Plugins/Interchange/Assets/Content/gltf/MaterialInstances/MI_SpecularGlossiness_Mask.uexp" 906
"../../../Engine/Plugins/Interchange/Assets/Content/gltf/MaterialInstances/MI_SpecularGlossiness_Mask_DS.uasset" 907
"../../../Engine/Plugins/Interchange/Assets/Content/gltf/MaterialInstances/MI_SpecularGlossiness_Mask_DS.uexp" 908
"../../../Engine/Plugins/Interchange/Assets/Content/gltf/MaterialInstances/MI_SpecularGlossiness_Opaque.uasset" 909
"../../../Engine/Plugins/Interchange/Assets/Content/gltf/MaterialInstances/MI_SpecularGlossiness_Opaque.uexp" 910
"../../../Engine/Plugins/Interchange/Assets/Content/gltf/MaterialInstances/MI_SpecularGlossiness_Opaque_DS.uasset" 911
"../../../Engine/Plugins/Interchange/Assets/Content/gltf/MaterialInstances/MI_SpecularGlossiness_Opaque_DS.uexp" 912
"../../../Engine/Content/EngineMaterials/Good64x64TilingNoiseHighFreq.uasset" 913
"../../../Engine/Content/EngineMaterials/Good64x64TilingNoiseHighFreq.uexp" 914
"../../../Engine/Content/Functions/Engine_MaterialFunctions02/Texturing/ScreenAlignedPixelToPixelUVs.uasset" 915
"../../../Engine/Content/Functions/Engine_MaterialFunctions02/Texturing/ScreenAlignedPixelToPixelUVs.uexp" 916
"../../../Engine/Plugins/Interchange/Assets/Content/gltf/MaterialFunctions/MF_Fresnel_DS.uasset" 917
"../../../Engine/Plugins/Interchange/Assets/Content/gltf/MaterialFunctions/MF_Fresnel_DS.uexp" 918
"../../../Engine/Plugins/Interchange/Assets/Content/gltf/MaterialFunctions/MF_Temporal_Blur.uasset" 919
"../../../Engine/Plugins/Interchange/Assets/Content/gltf/MaterialFunctions/MF_Temporal_Blur.uexp" 920
"../../../Engine/Plugins/Interchange/Assets/Content/gltf/MaterialFunctions/MF_Transmission.uasset" 921
"../../../Engine/Plugins/Interchange/Assets/Content/gltf/MaterialFunctions/MF_Transmission.uexp" 922
"../../../Engine/Plugins/Interchange/Assets/Content/gltf/MaterialBodies/MF_Transmission_Body.uasset" 923
"../../../Engine/Plugins/Interchange/Assets/Content/gltf/MaterialBodies/MF_Transmission_Body.uexp" 924
"../../../Engine/Plugins/Interchange/Assets/Content/gltf/M_Transmission.uasset" 925
"../../../Engine/Plugins/Interchange/Assets/Content/gltf/M_Transmission.uexp" 926
"../../../Engine/Plugins/Interchange/Assets/Content/gltf/MaterialInstances/MI_Transmission.uasset" 927
"../../../Engine/Plugins/Interchange/Assets/Content/gltf/MaterialInstances/MI_Transmission.uexp" 928
"../../../Engine/Plugins/Interchange/Assets/Content/gltf/MaterialInstances/MI_Transmission_DS.uasset" 929
"../../../Engine/Plugins/Interchange/Assets/Content/gltf/MaterialInstances/MI_Transmission_DS.uexp" 930
"../../../Engine/Plugins/Interchange/Assets/Content/gltf/MaterialBodies/MF_Unlit_Body.uasset" 931
"../../../Engine/Plugins/Interchange/Assets/Content/gltf/MaterialBodies/MF_Unlit_Body.uexp" 932
"../../../Engine/Plugins/Interchange/Assets/Content/gltf/M_Unlit.uasset" 933
"../../../Engine/Plugins/Interchange/Assets/Content/gltf/M_Unlit.uexp" 934
"../../../Engine/Plugins/Interchange/Assets/Content/gltf/MaterialInstances/MI_Unlit_Blend.uasset" 935
"../../../Engine/Plugins/Interchange/Assets/Content/gltf/MaterialInstances/MI_Unlit_Blend.uexp" 936
"../../../Engine/Plugins/Interchange/Assets/Content/gltf/MaterialInstances/MI_Unlit_Blend_DS.uasset" 937
"../../../Engine/Plugins/Interchange/Assets/Content/gltf/MaterialInstances/MI_Unlit_Blend_DS.uexp" 938
"../../../Engine/Plugins/Interchange/Assets/Content/gltf/MaterialInstances/MI_Unlit_Mask.uasset" 939
"../../../Engine/Plugins/Interchange/Assets/Content/gltf/MaterialInstances/MI_Unlit_Mask.uexp" 940
"../../../Engine/Plugins/Interchange/Assets/Content/gltf/MaterialInstances/MI_Unlit_Mask_DS.uasset" 941
"../../../Engine/Plugins/Interchange/Assets/Content/gltf/MaterialInstances/MI_Unlit_Mask_DS.uexp" 942
"../../../Engine/Plugins/Interchange/Assets/Content/gltf/MaterialInstances/MI_Unlit_Opaque.uasset" 943
"../../../Engine/Plugins/Interchange/Assets/Content/gltf/MaterialInstances/MI_Unlit_Opaque.uexp" 944
"../../../Engine/Plugins/Interchange/Assets/Content/gltf/MaterialInstances/MI_Unlit_Opaque_DS.uasset" 945
"../../../Engine/Plugins/Interchange/Assets/Content/gltf/MaterialInstances/MI_Unlit_Opaque_DS.uexp" 946
"../../../Engine/Content/ArtTools/RenderToTexture/Meshes/S_1_Unit_Plane.ubulk" 947
"../../../Engine/Content/ArtTools/RenderToTexture/Meshes/S_1_Unit_Plane.uasset" 948
"../../../Engine/Content/ArtTools/RenderToTexture/Meshes/S_1_Unit_Plane.uexp" 949
"../../../Engine/Content/EngineMaterials/Substrate/Glints2/AGlintTex2dArray2.uasset" 950
"../../../Engine/Content/EngineMaterials/Substrate/Glints2/AGlintTex2dArray2.uexp" 951
"../../../Engine/Content/Functions/Engine_MaterialFunctions01/Shading/ConvertFromDiffSpec.uasset" 952
"../../../Engine/Content/Functions/Engine_MaterialFunctions01/Shading/ConvertFromDiffSpec.uexp" 953
"../../../Engine/Content/Functions/Engine_MaterialFunctions01/Shading/PowerToRoughness.uasset" 954
"../../../Engine/Content/Functions/Engine_MaterialFunctions01/Shading/PowerToRoughness.uexp" 955
"../../../Engine/Content/EngineMaterials/Substrate/Volume/SubstrateSimpleVolumeEnvLUT3D.uasset" 956
"../../../Engine/Content/EngineMaterials/Substrate/Volume/SubstrateSimpleVolumeEnvLUT3D.uexp" 957
"../../../Engine/Content/EngineMaterials/Substrate/Volume/SubstrateSimpleVolumeLUT3D.uasset" 958
"../../../Engine/Content/EngineMaterials/Substrate/Volume/SubstrateSimpleVolumeLUT3D.uexp" 959
"../../../Engine/Content/Animation/DefaultAnimBoneCompressionSettings.uasset" 960
"../../../Engine/Content/Animation/DefaultAnimBoneCompressionSettings.uexp" 961
"../../../Engine/Content/Animation/DefaultAnimCurveCompressionSettings.uasset" 962
"../../../Engine/Content/Animation/DefaultAnimCurveCompressionSettings.uexp" 963
"../../../Engine/Content/Animation/DefaultVariableFrameStrippingSettings.uasset" 964
"../../../Engine/Content/Animation/DefaultVariableFrameStrippingSettings.uexp" 965
"C:/Users/hamid/Documents/VeilOfSuccession/Content/Characters/Mannequins/Meshes/SK_Mannequin.uasset" 966
"C:/Users/hamid/Documents/VeilOfSuccession/Content/Characters/Mannequins/Meshes/SK_Mannequin.uexp" 967
"C:/Users/hamid/Documents/VeilOfSuccession/Content/Characters/Mannequins/Anims/Death/MM_Death_Back_01.uasset" 968
"C:/Users/hamid/Documents/VeilOfSuccession/Content/Characters/Mannequins/Anims/Death/MM_Death_Back_01.uexp" 969
"C:/Users/hamid/Documents/VeilOfSuccession/Content/Characters/Mannequins/Anims/Death/MM_Death_Front_01.uasset" 970
"C:/Users/hamid/Documents/VeilOfSuccession/Content/Characters/Mannequins/Anims/Death/MM_Death_Front_01.uexp" 971
"C:/Users/hamid/Documents/VeilOfSuccession/Content/Characters/Mannequins/Anims/Pistol/MF_Pistol_Idle_ADS.uasset" 972
"C:/Users/hamid/Documents/VeilOfSuccession/Content/Characters/Mannequins/Anims/Pistol/MF_Pistol_Idle_ADS.uexp" 973
"C:/Users/hamid/Documents/VeilOfSuccession/Content/Characters/Mannequins/Rigs/PA_Mannequin.uasset" 974
"C:/Users/hamid/Documents/VeilOfSuccession/Content/Characters/Mannequins/Rigs/PA_Mannequin.uexp" 975
"C:/Users/hamid/Documents/VeilOfSuccession/Content/Characters/Mannequins/Textures/Manny/T_Manny_01_BN.ubulk" 976
"C:/Users/hamid/Documents/VeilOfSuccession/Content/Characters/Mannequins/Textures/Manny/T_Manny_01_BN.uasset" 977
"C:/Users/hamid/Documents/VeilOfSuccession/Content/Characters/Mannequins/Textures/Manny/T_Manny_01_BN.uexp" 978
"C:/Users/hamid/Documents/VeilOfSuccession/Content/Characters/Mannequins/Textures/Manny/T_Manny_01_D.ubulk" 979
"C:/Users/hamid/Documents/VeilOfSuccession/Content/Characters/Mannequins/Textures/Manny/T_Manny_01_D.uasset" 980
"C:/Users/hamid/Documents/VeilOfSuccession/Content/Characters/Mannequins/Textures/Manny/T_Manny_01_D.uexp" 981
"C:/Users/hamid/Documents/VeilOfSuccession/Content/Characters/Mannequins/Textures/Manny/T_Manny_01_MRA.ubulk" 982
"C:/Users/hamid/Documents/VeilOfSuccession/Content/Characters/Mannequins/Textures/Manny/T_Manny_01_MRA.uasset" 983
"C:/Users/hamid/Documents/VeilOfSuccession/Content/Characters/Mannequins/Textures/Manny/T_Manny_01_MRA.uexp" 984
"C:/Users/hamid/Documents/VeilOfSuccession/Content/Characters/Mannequins/Textures/Shared/T_UE_Logo_M.uasset" 985
"C:/Users/hamid/Documents/VeilOfSuccession/Content/Characters/Mannequins/Textures/Shared/T_UE_Logo_M.uexp" 986
"C:/Users/hamid/Documents/VeilOfSuccession/Content/Characters/Mannequins/Materials/M_Mannequin.uasset" 987
"C:/Users/hamid/Documents/VeilOfSuccession/Content/Characters/Mannequins/Materials/M_Mannequin.uexp" 988
"C:/Users/hamid/Documents/VeilOfSuccession/Content/Characters/Mannequins/Materials/Manny/MI_Manny_01_New.uasset" 989
"C:/Users/hamid/Documents/VeilOfSuccession/Content/Characters/Mannequins/Materials/Manny/MI_Manny_01_New.uexp" 990
"C:/Users/hamid/Documents/VeilOfSuccession/Content/Characters/Mannequins/Textures/Manny/T_Manny_02_BN.ubulk" 991
"C:/Users/hamid/Documents/VeilOfSuccession/Content/Characters/Mannequins/Textures/Manny/T_Manny_02_BN.uasset" 992
"C:/Users/hamid/Documents/VeilOfSuccession/Content/Characters/Mannequins/Textures/Manny/T_Manny_02_BN.uexp" 993
"C:/Users/hamid/Documents/VeilOfSuccession/Content/Characters/Mannequins/Textures/Manny/T_Manny_02_D.ubulk" 994
"C:/Users/hamid/Documents/VeilOfSuccession/Content/Characters/Mannequins/Textures/Manny/T_Manny_02_D.uasset" 995
"C:/Users/hamid/Documents/VeilOfSuccession/Content/Characters/Mannequins/Textures/Manny/T_Manny_02_D.uexp" 996
"C:/Users/hamid/Documents/VeilOfSuccession/Content/Characters/Mannequins/Textures/Manny/T_Manny_02_MRA.ubulk" 997
"C:/Users/hamid/Documents/VeilOfSuccession/Content/Characters/Mannequins/Textures/Manny/T_Manny_02_MRA.uasset" 998
"C:/Users/hamid/Documents/VeilOfSuccession/Content/Characters/Mannequins/Textures/Manny/T_Manny_02_MRA.uexp" 999
"C:/Users/hamid/Documents/VeilOfSuccession/Content/Characters/Mannequins/Materials/Manny/MI_Manny_02_New.uasset" 1000
"C:/Users/hamid/Documents/VeilOfSuccession/Content/Characters/Mannequins/Materials/Manny/MI_Manny_02_New.uexp" 1001
"C:/Users/hamid/Documents/VeilOfSuccession/Content/Characters/Mannequins/Meshes/SKM_Manny_Simple.uasset" 1002
"C:/Users/hamid/Documents/VeilOfSuccession/Content/Characters/Mannequins/Meshes/SKM_Manny_Simple.uexp" 1003
"C:/Users/hamid/Documents/VeilOfSuccession/Content/Characters/Mannequins/Textures/Quinn/T_Quinn_01_D.ubulk" 1004
"C:/Users/hamid/Documents/VeilOfSuccession/Content/Characters/Mannequins/Textures/Quinn/T_Quinn_01_D.uasset" 1005
"C:/Users/hamid/Documents/VeilOfSuccession/Content/Characters/Mannequins/Textures/Quinn/T_Quinn_01_D.uexp" 1006
"C:/Users/hamid/Documents/VeilOfSuccession/Content/Characters/Mannequins/Textures/Quinn/T_Quinn_01_MRA.ubulk" 1007
"C:/Users/hamid/Documents/VeilOfSuccession/Content/Characters/Mannequins/Textures/Quinn/T_Quinn_01_MRA.uasset" 1008
"C:/Users/hamid/Documents/VeilOfSuccession/Content/Characters/Mannequins/Textures/Quinn/T_Quinn_01_MRA.uexp" 1009
"C:/Users/hamid/Documents/VeilOfSuccession/Content/Characters/Mannequins/Textures/Quinn/T_Quinn_01_N.ubulk" 1010
"C:/Users/hamid/Documents/VeilOfSuccession/Content/Characters/Mannequins/Textures/Quinn/T_Quinn_01_N.uasset" 1011
"C:/Users/hamid/Documents/VeilOfSuccession/Content/Characters/Mannequins/Textures/Quinn/T_Quinn_01_N.uexp" 1012
"C:/Users/hamid/Documents/VeilOfSuccession/Content/Characters/Mannequins/Materials/Quinn/MI_Quinn_01.uasset" 1013
"C:/Users/hamid/Documents/VeilOfSuccession/Content/Characters/Mannequins/Materials/Quinn/MI_Quinn_01.uexp" 1014
"C:/Users/hamid/Documents/VeilOfSuccession/Content/Characters/Mannequins/Textures/Quinn/T_Quinn_02_D.ubulk" 1015
"C:/Users/hamid/Documents/VeilOfSuccession/Content/Characters/Mannequins/Textures/Quinn/T_Quinn_02_D.uasset" 1016
"C:/Users/hamid/Documents/VeilOfSuccession/Content/Characters/Mannequins/Textures/Quinn/T_Quinn_02_D.uexp" 1017
"C:/Users/hamid/Documents/VeilOfSuccession/Content/Characters/Mannequins/Textures/Quinn/T_Quinn_02_MRA.ubulk" 1018
"C:/Users/hamid/Documents/VeilOfSuccession/Content/Characters/Mannequins/Textures/Quinn/T_Quinn_02_MRA.uasset" 1019
"C:/Users/hamid/Documents/VeilOfSuccession/Content/Characters/Mannequins/Textures/Quinn/T_Quinn_02_MRA.uexp" 1020
"C:/Users/hamid/Documents/VeilOfSuccession/Content/Characters/Mannequins/Textures/Quinn/T_Quinn_02_N.ubulk" 1021
"C:/Users/hamid/Documents/VeilOfSuccession/Content/Characters/Mannequins/Textures/Quinn/T_Quinn_02_N.uasset" 1022
"C:/Users/hamid/Documents/VeilOfSuccession/Content/Characters/Mannequins/Textures/Quinn/T_Quinn_02_N.uexp" 1023
"C:/Users/hamid/Documents/VeilOfSuccession/Content/Characters/Mannequins/Materials/Quinn/MI_Quinn_02.uasset" 1024
"C:/Users/hamid/Documents/VeilOfSuccession/Content/Characters/Mannequins/Materials/Quinn/MI_Quinn_02.uexp" 1025
"C:/Users/hamid/Documents/VeilOfSuccession/Content/Characters/Mannequins/Meshes/SKM_Quinn_Simple.uasset" 1026
"C:/Users/hamid/Documents/VeilOfSuccession/Content/Characters/Mannequins/Meshes/SKM_Quinn_Simple.uexp" 1027
"../../../Engine/Plugins/Animation/ControlRig/Content/Controls/DefaultGizmoLibraryNormalized.uasset" 1028
"../../../Engine/Plugins/Animation/ControlRig/Content/Controls/DefaultGizmoLibraryNormalized.uexp" 1029
"C:/Users/hamid/Documents/VeilOfSuccession/Content/Characters/Mannequins/Rigs/CR_Mannequin_FootIK.uasset" 1030
"C:/Users/hamid/Documents/VeilOfSuccession/Content/Characters/Mannequins/Rigs/CR_Mannequin_FootIK.uexp" 1031
"C:/Users/hamid/Documents/VeilOfSuccession/Content/Characters/Mannequins/Anims/Unarmed/MM_Idle.uasset" 1032
"C:/Users/hamid/Documents/VeilOfSuccession/Content/Characters/Mannequins/Anims/Unarmed/MM_Idle.uexp" 1033
"C:/Users/hamid/Documents/VeilOfSuccession/Content/Characters/Mannequins/Anims/Unarmed/Jog/MF_Unarmed_Jog_Bwd.uasset" 1034
"C:/Users/hamid/Documents/VeilOfSuccession/Content/Characters/Mannequins/Anims/Unarmed/Jog/MF_Unarmed_Jog_Bwd.uexp" 1035
"../../../Engine/Plugins/Animation/ACLPlugin/Content/ACLAnimCurveCompressionSettings.uasset" 1036
"../../../Engine/Plugins/Animation/ACLPlugin/Content/ACLAnimCurveCompressionSettings.uexp" 1037
"../../../Engine/Content/Animation/DefaultRecorderBoneCompression.uasset" 1038
"../../../Engine/Content/Animation/DefaultRecorderBoneCompression.uexp" 1039
"C:/Users/hamid/Documents/VeilOfSuccession/Content/Characters/Mannequins/Anims/Unarmed/Jog/MF_Unarmed_Jog_Bwd_Left.uasset" 1040
"C:/Users/hamid/Documents/VeilOfSuccession/Content/Characters/Mannequins/Anims/Unarmed/Jog/MF_Unarmed_Jog_Bwd_Left.uexp" 1041
"C:/Users/hamid/Documents/VeilOfSuccession/Content/Characters/Mannequins/Anims/Unarmed/Jog/MF_Unarmed_Jog_Bwd_Right.uasset" 1042
"C:/Users/hamid/Documents/VeilOfSuccession/Content/Characters/Mannequins/Anims/Unarmed/Jog/MF_Unarmed_Jog_Bwd_Right.uexp" 1043
"C:/Users/hamid/Documents/VeilOfSuccession/Content/Characters/Mannequins/Anims/Unarmed/Jog/MF_Unarmed_Jog_Fwd.uasset" 1044
"C:/Users/hamid/Documents/VeilOfSuccession/Content/Characters/Mannequins/Anims/Unarmed/Jog/MF_Unarmed_Jog_Fwd.uexp" 1045
"C:/Users/hamid/Documents/VeilOfSuccession/Content/Characters/Mannequins/Anims/Unarmed/Jog/MF_Unarmed_Jog_Fwd_Left.uasset" 1046
"C:/Users/hamid/Documents/VeilOfSuccession/Content/Characters/Mannequins/Anims/Unarmed/Jog/MF_Unarmed_Jog_Fwd_Left.uexp" 1047
"C:/Users/hamid/Documents/VeilOfSuccession/Content/Characters/Mannequins/Anims/Unarmed/Jog/MF_Unarmed_Jog_Fwd_Right.uasset" 1048
"C:/Users/hamid/Documents/VeilOfSuccession/Content/Characters/Mannequins/Anims/Unarmed/Jog/MF_Unarmed_Jog_Fwd_Right.uexp" 1049
"C:/Users/hamid/Documents/VeilOfSuccession/Content/Characters/Mannequins/Anims/Unarmed/Jog/MF_Unarmed_Jog_Left.uasset" 1050
"C:/Users/hamid/Documents/VeilOfSuccession/Content/Characters/Mannequins/Anims/Unarmed/Jog/MF_Unarmed_Jog_Left.uexp" 1051
"C:/Users/hamid/Documents/VeilOfSuccession/Content/Characters/Mannequins/Anims/Unarmed/Jog/MF_Unarmed_Jog_Right.uasset" 1052
"C:/Users/hamid/Documents/VeilOfSuccession/Content/Characters/Mannequins/Anims/Unarmed/Jog/MF_Unarmed_Jog_Right.uexp" 1053
"C:/Users/hamid/Documents/VeilOfSuccession/Content/Characters/Mannequins/Anims/Unarmed/Walk/MF_Unarmed_Walk_Bwd.uasset" 1054
"C:/Users/hamid/Documents/VeilOfSuccession/Content/Characters/Mannequins/Anims/Unarmed/Walk/MF_Unarmed_Walk_Bwd.uexp" 1055
"C:/Users/hamid/Documents/VeilOfSuccession/Content/Characters/Mannequins/Anims/Unarmed/Walk/MF_Unarmed_Walk_Bwd_Left.uasset" 1056
"C:/Users/hamid/Documents/VeilOfSuccession/Content/Characters/Mannequins/Anims/Unarmed/Walk/MF_Unarmed_Walk_Bwd_Left.uexp" 1057
"C:/Users/hamid/Documents/VeilOfSuccession/Content/Characters/Mannequins/Anims/Unarmed/Walk/MF_Unarmed_Walk_Bwd_Right.uasset" 1058
"C:/Users/hamid/Documents/VeilOfSuccession/Content/Characters/Mannequins/Anims/Unarmed/Walk/MF_Unarmed_Walk_Bwd_Right.uexp" 1059
"C:/Users/hamid/Documents/VeilOfSuccession/Content/Characters/Mannequins/Anims/Unarmed/Walk/MF_Unarmed_Walk_Fwd.uasset" 1060
"C:/Users/hamid/Documents/VeilOfSuccession/Content/Characters/Mannequins/Anims/Unarmed/Walk/MF_Unarmed_Walk_Fwd.uexp" 1061
"C:/Users/hamid/Documents/VeilOfSuccession/Content/Characters/Mannequins/Anims/Unarmed/Walk/MF_Unarmed_Walk_Fwd_Left.uasset" 1062
"C:/Users/hamid/Documents/VeilOfSuccession/Content/Characters/Mannequins/Anims/Unarmed/Walk/MF_Unarmed_Walk_Fwd_Left.uexp" 1063
"C:/Users/hamid/Documents/VeilOfSuccession/Content/Characters/Mannequins/Anims/Unarmed/Walk/MF_Unarmed_Walk_Fwd_Right.uasset" 1064
"C:/Users/hamid/Documents/VeilOfSuccession/Content/Characters/Mannequins/Anims/Unarmed/Walk/MF_Unarmed_Walk_Fwd_Right.uexp" 1065
"C:/Users/hamid/Documents/VeilOfSuccession/Content/Characters/Mannequins/Anims/Unarmed/Walk/MF_Unarmed_Walk_Left.uasset" 1066
"C:/Users/hamid/Documents/VeilOfSuccession/Content/Characters/Mannequins/Anims/Unarmed/Walk/MF_Unarmed_Walk_Left.uexp" 1067
"C:/Users/hamid/Documents/VeilOfSuccession/Content/Characters/Mannequins/Anims/Unarmed/Walk/MF_Unarmed_Walk_Right.uasset" 1068
"C:/Users/hamid/Documents/VeilOfSuccession/Content/Characters/Mannequins/Anims/Unarmed/Walk/MF_Unarmed_Walk_Right.uexp" 1069
"C:/Users/hamid/Documents/VeilOfSuccession/Content/Characters/Mannequins/Anims/Unarmed/BS_Idle_Walk_Run.uasset" 1070
"C:/Users/hamid/Documents/VeilOfSuccession/Content/Characters/Mannequins/Anims/Unarmed/BS_Idle_Walk_Run.uexp" 1071
"C:/Users/hamid/Documents/VeilOfSuccession/Content/Characters/Mannequins/Anims/Unarmed/Jump/MM_Fall_Loop.uasset" 1072
"C:/Users/hamid/Documents/VeilOfSuccession/Content/Characters/Mannequins/Anims/Unarmed/Jump/MM_Fall_Loop.uexp" 1073
"C:/Users/hamid/Documents/VeilOfSuccession/Content/Characters/Mannequins/Anims/Unarmed/Jump/MM_Jump.uasset" 1074
"C:/Users/hamid/Documents/VeilOfSuccession/Content/Characters/Mannequins/Anims/Unarmed/Jump/MM_Jump.uexp" 1075
"C:/Users/hamid/Documents/VeilOfSuccession/Content/Characters/Mannequins/Anims/Unarmed/Jump/MM_Land.uasset" 1076
"C:/Users/hamid/Documents/VeilOfSuccession/Content/Characters/Mannequins/Anims/Unarmed/Jump/MM_Land.uexp" 1077
"C:/Users/hamid/Documents/VeilOfSuccession/Content/Characters/Mannequins/Anims/Unarmed/ABP_Unarmed.uasset" 1078
"C:/Users/hamid/Documents/VeilOfSuccession/Content/Characters/Mannequins/Anims/Unarmed/ABP_Unarmed.uexp" 1079
"C:/Users/hamid/Documents/VeilOfSuccession/Content/Characters/Mannequins/Anims/Rifle/HitReact/MM_HitReact_Front_Med_01.uasset" 1080
"C:/Users/hamid/Documents/VeilOfSuccession/Content/Characters/Mannequins/Anims/Rifle/HitReact/MM_HitReact_Front_Med_01.uexp" 1081
"C:/Users/hamid/Documents/VeilOfSuccession/Content/Characters/Mannequins/Anims/Unarmed/Attack/MM_Attack_01.uasset" 1082
"C:/Users/hamid/Documents/VeilOfSuccession/Content/Characters/Mannequins/Anims/Unarmed/Attack/MM_Attack_01.uexp" 1083
"C:/Users/hamid/Documents/VeilOfSuccession/Content/Characters/Mannequins/Anims/Unarmed/Attack/MM_Attack_02.uasset" 1084
"C:/Users/hamid/Documents/VeilOfSuccession/Content/Characters/Mannequins/Anims/Unarmed/Attack/MM_Attack_02.uexp" 1085
"C:/Users/hamid/Documents/VeilOfSuccession/Content/Characters/Mannequins/Anims/Unarmed/Attack/MM_Attack_03.uasset" 1086
"C:/Users/hamid/Documents/VeilOfSuccession/Content/Characters/Mannequins/Anims/Unarmed/Attack/MM_Attack_03.uexp" 1087
"C:/Users/hamid/Documents/VeilOfSuccession/Content/Characters/Mannequins/Anims/Unarmed/Attack/MM_ChargedAttack.uasset" 1088
"C:/Users/hamid/Documents/VeilOfSuccession/Content/Characters/Mannequins/Anims/Unarmed/Attack/MM_ChargedAttack.uexp" 1089
"../../../Engine/Plugins/Animation/ACLPlugin/Content/ACLAnimBoneCompressionSettings.uasset" 1090
"../../../Engine/Plugins/Animation/ACLPlugin/Content/ACLAnimBoneCompressionSettings.uexp" 1091
"C:/Users/hamid/Documents/VeilOfSuccession/Content/Characters/Mannequins/Anims/Unarmed/Jump/MM_Dash.uasset" 1092
"C:/Users/hamid/Documents/VeilOfSuccession/Content/Characters/Mannequins/Anims/Unarmed/Jump/MM_Dash.uexp" 1093
"../../../Engine/Content/Maps/Entry_BuiltData.uasset" 1094
"../../../Engine/Content/Maps/Entry_BuiltData.uexp" 1095
"../../../Engine/Content/Maps/Entry.uexp" 1096
"../../../Engine/Content/Maps/Entry.umap" 1097
